station,state,latitude,longitude,elevation,date,TMIN,TMAX,TAVG,AWND,WDF5,WSF5,SNOW,SNWD,PRCP,year_month
GREER,SC,34.8831,-82.2203,286.5,20170104,39.02,55.04,51.62,8.500372,360.0,31.093466,0.0,0.0,0.0,2017010
GREER,SC,34.8831,-82.2203,286.5,20170203,33.98,51.08,48.38,7.381902,360.0,31.093466,0.0,0.0,0.0,2017020
GREER,SC,34.8831,-82.2203,286.5,20170210,27.14,55.94,39.56,6.934514,360.0,27.066974,0.0,0.0,0.0,2017021
GREER,SC,34.8831,-82.2203,286.5,20170308,46.04,71.96,60.62,7.381902,360.0,27.96175,0.0,0.0,0.0,2017030
GREER,SC,34.8831,-82.2203,286.5,20170314,30.2,51.98,41.36,8.500372,360.0,29.974996,0.0,0.0,0.05905515,2017031
GREER,SC,34.8831,-82.2203,286.5,20170319,37.94,57.92,51.62,7.381902,360.0,23.040482,0.0,0.0,0.0,2017031
GREER,SC,34.8831,-82.2203,286.5,20170601,62.06,84.02,72.14,1.342164,360.0,12.079476,0.0,0.0,0.0,2017060
GREER,SC,34.8831,-82.2203,286.5,20170617,69.08,84.92,74.84,3.802798,360.0,21.027236,0.0,0.0,0.05118113,2017061
GREER,SC,34.8831,-82.2203,286.5,20170815,71.96,89.96,78.08,2.460634,360.0,29.08022,0.0,0.0,0.0393701,2017081
GREER,SC,34.8831,-82.2203,286.5,20170816,71.06,91.94,80.06,1.789552,360.0,14.987498,0.0,0.0,0.0,2017081
CHARLESTON INTL AP,SC,32.8986,-80.0403,12.2,20170310,51.98,80.96,63.86,13.42164,360.0,31.093466,0.0,0.0,0.0,2017031
CHARLESTON INTL AP,SC,32.8986,-80.0403,12.2,20170829,69.98,78.08,72.68,9.618842,360.0,21.922012,0.0,0.0,0.0,2017082
COLUMBIA,SC,33.9486,-81.1186,70.4,20170107,29.12,39.92,37.22,8.94776,360.0,29.974996,0.1181103,0.0,0.44094512,2017010
COLUMBIA,SC,33.9486,-81.1186,70.4,20170625,73.04,91.94,80.06,4.697574,360.0,16.105968,0.0,0.0,0.0,2017062
GREER,SC,34.8831,-82.2203,286.5,20170124,39.92,66.92,53.96,4.697574,350.0,33.106712,0.0,0.0,0.0,2017012
GREER,SC,34.8831,-82.2203,286.5,20170219,42.98,69.98,55.04,6.263432,350.0,27.066974,0.0,0.0,0.0,2017021
GREER,SC,34.8831,-82.2203,286.5,20170302,39.92,60.98,53.24,6.934514,350.0,29.974996,0.0,0.0,0.0,2017030
GREER,SC,34.8831,-82.2203,286.5,20170322,48.92,66.92,59.54,7.381902,350.0,27.96175,0.0,0.0,0.0,2017032
GREER,SC,34.8831,-82.2203,286.5,20170508,44.06,77.0,60.98,4.250186,350.0,21.922012,0.0,0.0,0.0,2017050
GREER,SC,34.8831,-82.2203,286.5,20170625,66.92,80.96,73.04,3.802798,350.0,12.974252,0.0,0.0,0.0,2017062
GREER,SC,34.8831,-82.2203,286.5,20170823,73.94,91.04,82.22,6.039738,350.0,17.000744,0.0,0.0,0.0,2017082
CHARLESTON INTL AP,SC,32.8986,-80.0403,12.2,20170106,44.06,62.96,53.42,6.039738,350.0,19.908766,0.0,0.0,0.0,2017010
CHARLESTON INTL AP,SC,32.8986,-80.0403,12.2,20170219,46.94,75.92,60.08,6.934514,350.0,21.922012,0.0,0.0,0.0,2017021
COLUMBIA,SC,33.9486,-81.1186,70.4,20170302,39.92,64.04,62.78,7.605596,350.0,27.96175,0.0,0.0,0.01181103,2017030
COLUMBIA,SC,33.9486,-81.1186,70.4,20170515,57.02,91.94,74.12,3.802798,350.0,14.987498,0.0,0.0,0.0,2017051
GREER,SC,34.8831,-82.2203,286.5,20170107,22.1,32.0,30.74,11.1847,340.0,31.988242,1.8897648,3.149608,0.38188997,2017010
GREER,SC,34.8831,-82.2203,286.5,20170408,46.04,69.98,55.94,6.934514,340.0,21.922012,0.0,0.0,0.0,2017040
GREER,SC,34.8831,-82.2203,286.5,20170715,69.98,91.04,76.82,4.47388,340.0,23.040482,0.0,0.0,0.05118113,2017071
GREER,SC,34.8831,-82.2203,286.5,20170717,69.08,87.08,76.1,4.250186,340.0,19.01399,0.0,0.0,0.01181103,2017071
CHARLESTON INTL AP,SC,32.8986,-80.0403,12.2,20170107,29.12,46.04,41.9,15.211192,340.0,40.041226,0.0,0.0,0.38976399,2017010
CHARLESTON INTL AP,SC,32.8986,-80.0403,12.2,20170302,44.96,69.98,64.94,9.842536,340.0,31.093466,0.0,0.0,0.09842525,2017030
COLUMBIA,SC,33.9486,-81.1186,70.4,20170203,46.94,62.06,56.84,5.59235,340.0,19.908766,0.0,0.0,0.14960638,2017020
COLUMBIA,SC,33.9486,-81.1186,70.4,20170219,46.04,73.04,58.1,4.697574,340.0,23.040482,0.0,0.0,0.0,2017021
COLUMBIA,SC,33.9486,-81.1186,70.4,20170512,66.02,84.02,75.92,7.82929,340.0,23.935258,0.0,0.0,0.01181103,2017051
COLUMBIA,SC,33.9486,-81.1186,70.4,20170710,73.04,91.94,80.24,3.579104,340.0,23.935258,0.0,0.0,0.94881941,2017071
COLUMBIA,SC,33.9486,-81.1186,70.4,20170829,69.08,86.0,74.66,7.605596,340.0,21.027236,0.0,0.0,0.0,2017082
GREER,SC,34.8831,-82.2203,286.5,20170209,33.98,60.98,52.88,10.513618,330.0,29.974996,0.0,0.0,0.24015761,2017020
GREER,SC,34.8831,-82.2203,286.5,20170213,42.98,66.02,58.1,7.158208,330.0,25.948504,0.0,0.0,0.0,2017021
GREER,SC,34.8831,-82.2203,286.5,20170315,24.26,42.08,32.72,8.94776,330.0,29.08022,0.0,0.0,0.0,2017031
GREER,SC,34.8831,-82.2203,286.5,20170425,53.96,75.02,61.7,4.250186,330.0,17.000744,0.0,0.0,0.0,2017042
GREER,SC,34.8831,-82.2203,286.5,20170506,46.04,66.02,54.32,6.039738,330.0,25.948504,0.0,0.0,0.14960638,2017050
GREER,SC,34.8831,-82.2203,286.5,20170624,69.08,82.94,76.64,8.052984,330.0,31.093466,0.0,0.0,0.44881914,2017062
GREER,SC,34.8831,-82.2203,286.5,20170626,60.98,84.92,73.58,3.802798,330.0,14.092722,0.0,0.0,0.0,2017062
CHARLESTON INTL AP,SC,32.8986,-80.0403,12.2,20170322,55.04,77.0,67.64,11.1847,330.0,31.093466,0.0,0.0,0.27165369,2017032
COLUMBIA,SC,33.9486,-81.1186,70.4,20170102,55.94,68.0,58.28,3.35541,330.0,14.092722,0.0,0.0,1.57086699,2017010
COLUMBIA,SC,33.9486,-81.1186,70.4,20170513,62.96,69.08,66.74,4.47388,330.0,16.105968,0.0,0.0,0.09055123,2017051
COLUMBIA,SC,33.9486,-81.1186,70.4,20170601,68.0,89.06,78.08,3.35541,330.0,12.974252,0.0,0.0,0.0,2017060
COLUMBIA,SC,33.9486,-81.1186,70.4,20170905,73.04,96.08,82.22,6.934514,330.0,27.066974,0.0,0.0,0.0,2017090
CHARLESTON INTL AP,SC,32.8986,-80.0403,12.2,20170209,39.92,68.0,62.96,15.211192,320.0,42.054472,0.0,0.0,0.05118113,2017020
CHARLESTON INTL AP,SC,32.8986,-80.0403,12.2,20170315,29.12,50.0,43.16,12.079476,320.0,31.093466,0.0,0.0,0.0,2017031
CHARLESTON INTL AP,SC,32.8986,-80.0403,12.2,20170316,24.26,53.96,38.48,5.144962,320.0,19.01399,0.0,0.0,0.0,2017031
COLUMBIA,SC,33.9486,-81.1186,70.4,20170108,24.26,39.02,30.74,4.697574,320.0,17.000744,0.0,0.0,0.0,2017010
COLUMBIA,SC,33.9486,-81.1186,70.4,20170209,33.98,66.02,60.62,12.079476,320.0,34.001488,0.0,0.0,0.01181103,2017020
COLUMBIA,SC,33.9486,-81.1186,70.4,20170213,39.92,69.98,63.86,6.039738,320.0,23.935258,0.0,0.0,0.0,2017021
COLUMBIA,SC,33.9486,-81.1186,70.4,20170808,75.02,80.06,77.54,4.697574,320.0,16.105968,0.0,0.0,0.1181103,2017080
COLUMBIA,SC,33.9486,-81.1186,70.4,20170813,77.0,91.94,83.12,4.026492,320.0,27.066974,0.0,0.0,0.18897648,2017081
GREER,SC,34.8831,-82.2203,286.5,20170108,17.24,32.0,23.9,5.816044,310.0,21.922012,0.0,3.149608,0.0,2017010
GREER,SC,34.8831,-82.2203,286.5,20170614,66.92,89.96,76.28,3.35541,310.0,12.079476,0.0,0.0,0.0,2017061
GREER,SC,34.8831,-82.2203,286.5,20170729,71.06,87.98,79.88,7.381902,310.0,21.922012,0.0,0.0,0.0,2017072
CHARLESTON INTL AP,SC,32.8986,-80.0403,12.2,20170104,53.96,66.92,62.06,8.724066,310.0,21.922012,0.0,0.0,0.0,2017010
CHARLESTON INTL AP,SC,32.8986,-80.0403,12.2,20170118,59.0,78.98,66.74,9.842536,310.0,27.96175,0.0,0.0,0.0,2017011
CHARLESTON INTL AP,SC,32.8986,-80.0403,12.2,20170130,37.04,55.94,47.12,10.513618,310.0,29.974996,0.0,0.0,0.0,2017013
CHARLESTON INTL AP,SC,32.8986,-80.0403,12.2,20170226,42.98,68.0,58.46,6.263432,310.0,23.935258,0.0,0.0,0.0,2017022
CHARLESTON INTL AP,SC,32.8986,-80.0403,12.2,20170308,55.94,78.98,68.18,7.605596,310.0,21.922012,0.0,0.0,0.0,2017030
CHARLESTON INTL AP,SC,32.8986,-80.0403,12.2,20170314,42.08,57.92,47.66,12.526864,310.0,29.974996,0.0,0.0,0.1181103,2017031
CHARLESTON INTL AP,SC,32.8986,-80.0403,12.2,20170407,50.0,69.08,58.46,13.197946,310.0,35.119958,0.0,0.0,0.0,2017040
COLUMBIA,SC,33.9486,-81.1186,70.4,20170315,31.1,48.02,40.28,10.737312,310.0,33.106712,0.0,0.0,0.0,2017031
COLUMBIA,SC,33.9486,-81.1186,70.4,20170425,57.02,75.02,63.5,6.71082,310.0,21.027236,0.0,0.0,0.01181103,2017042
COLUMBIA,SC,33.9486,-81.1186,70.4,20170503,53.96,86.0,70.52,4.921268,310.0,16.105968,0.0,0.0,0.0,2017050
COLUMBIA,SC,33.9486,-81.1186,70.4,20170522,69.98,86.0,74.66,3.802798,310.0,35.119958,0.0,0.0,2.68110381,2017052
COLUMBIA,SC,33.9486,-81.1186,70.4,20170605,73.94,91.04,80.96,6.71082,310.0,25.053728,0.0,0.0,0.18110246,2017060
COLUMBIA,SC,33.9486,-81.1186,70.4,20170615,71.06,96.08,85.1,6.263432,310.0,53.910254,0.0,0.0,3.25197026,2017061
COLUMBIA,SC,33.9486,-81.1186,70.4,20170906,64.94,84.02,75.02,4.026492,310.0,31.093466,0.0,0.0,0.31889781,2017090
COLUMBIA,SC,33.9486,-81.1186,70.4,20170907,59.0,82.04,69.98,3.35541,310.0,14.987498,0.0,0.0,0.0,2017090
COLUMBIA,SC,33.9486,-81.1186,70.4,20170915,64.04,89.96,76.1,2.23694,310.0,14.987498,0.0,0.0,0.0,2017091
GREER,SC,34.8831,-82.2203,286.5,20170311,37.04,53.06,45.86,4.47388,300.0,17.000744,0.0,0.0,0.0393701,2017031
GREER,SC,34.8831,-82.2203,286.5,20170704,68.0,89.96,75.74,4.250186,300.0,29.08022,0.0,0.0,0.03149608,2017070
GREER,SC,34.8831,-82.2203,286.5,20170708,66.92,91.04,79.34,5.59235,300.0,38.922756,0.0,0.0,0.33858286,2017070
GREER,SC,34.8831,-82.2203,286.5,20170916,64.04,86.0,73.58,2.460634,300.0,10.06623,0.0,0.0,0.0,2017091
CHARLESTON INTL AP,SC,32.8986,-80.0403,12.2,20170120,55.04,78.98,63.68,7.158208,300.0,23.935258,0.0,0.0,0.0,2017012
CHARLESTON INTL AP,SC,32.8986,-80.0403,12.2,20170124,48.92,68.0,57.2,10.06623,300.0,21.922012,0.0,0.0,0.0,2017012
CHARLESTON INTL AP,SC,32.8986,-80.0403,12.2,20170205,39.02,62.06,47.48,6.263432,300.0,18.119214,0.0,0.0,0.0,2017020
COLUMBIA,SC,33.9486,-81.1186,70.4,20170103,59.0,71.96,62.6,7.158208,300.0,25.948504,0.0,0.0,0.96063044,2017010
COLUMBIA,SC,33.9486,-81.1186,70.4,20170405,57.02,71.06,65.66,7.82929,300.0,68.002976,0.0,0.0,2.92126142,2017040
COLUMBIA,SC,33.9486,-81.1186,70.4,20170526,55.94,84.92,70.34,7.158208,300.0,23.040482,0.0,0.0,0.0,2017052
COLUMBIA,SC,33.9486,-81.1186,70.4,20170729,78.08,93.92,85.28,7.82929,300.0,21.922012,0.0,0.0,0.0,2017072
GREER,SC,34.8831,-82.2203,286.5,20170401,46.94,78.08,61.52,6.71082,290.0,21.922012,0.0,0.0,0.0,2017040
GREER,SC,34.8831,-82.2203,286.5,20170417,59.0,82.94,69.08,7.381902,290.0,23.040482,0.0,0.0,0.38188997,2017041
GREER,SC,34.8831,-82.2203,286.5,20170515,55.04,87.98,72.14,2.23694,290.0,14.092722,0.0,0.0,0.0,2017051
GREER,SC,34.8831,-82.2203,286.5,20170804,68.0,89.06,77.0,8.052984,290.0,25.053728,0.0,0.0,0.20866153,2017080
CHARLESTON INTL AP,SC,32.8986,-80.0403,12.2,20170113,48.02,80.06,61.88,3.131716,290.0,12.974252,0.0,0.0,0.0,2017011
CHARLESTON INTL AP,SC,32.8986,-80.0403,12.2,20170127,42.08,59.0,52.88,10.961006,290.0,27.96175,0.0,0.0,0.0,2017012
CHARLESTON INTL AP,SC,32.8986,-80.0403,12.2,20170128,39.92,55.04,47.48,10.06623,290.0,25.053728,0.0,0.0,0.0,2017012
CHARLESTON INTL AP,SC,32.8986,-80.0403,12.2,20170303,37.94,68.0,52.52,8.724066,290.0,25.948504,0.0,0.0,0.0,2017030
CHARLESTON INTL AP,SC,32.8986,-80.0403,12.2,20170321,48.92,89.96,65.48,9.842536,290.0,35.119958,0.0,0.0,0.05905515,2017032
CHARLESTON INTL AP,SC,32.8986,-80.0403,12.2,20170328,60.98,87.98,70.7,8.94776,290.0,21.922012,0.0,0.0,0.01181103,2017032
CHARLESTON INTL AP,SC,32.8986,-80.0403,12.2,20170401,53.96,82.94,69.44,6.487126,290.0,19.908766,0.0,0.0,0.0,2017040
CHARLESTON INTL AP,SC,32.8986,-80.0403,12.2,20170808,73.94,91.94,80.24,5.368656,290.0,29.08022,0.0,0.0,0.61811057,2017080
COLUMBIA,SC,33.9486,-81.1186,70.4,20170216,32.0,64.04,50.18,6.263432,290.0,21.027236,0.0,0.0,0.0,2017021
COLUMBIA,SC,33.9486,-81.1186,70.4,20170314,37.04,59.0,46.4,12.526864,290.0,34.001488,0.0,0.0,0.07086618,2017031
COLUMBIA,SC,33.9486,-81.1186,70.4,20170316,22.1,55.04,39.02,5.144962,290.0,19.908766,0.0,0.0,0.0,2017031
COLUMBIA,SC,33.9486,-81.1186,70.4,20170321,51.08,89.06,67.82,6.039738,290.0,51.002232,0.0,0.0,0.48818924,2017032
COLUMBIA,SC,33.9486,-81.1186,70.4,20170408,35.96,69.98,54.32,1.789552,290.0,14.092722,0.0,0.0,0.0,2017040
COLUMBIA,SC,33.9486,-81.1186,70.4,20170502,57.02,82.04,70.16,8.276678,290.0,25.948504,0.0,0.0,0.0,2017050
COLUMBIA,SC,33.9486,-81.1186,70.4,20170817,77.0,98.06,86.9,3.579104,290.0,36.90951,0.0,0.0,0.22834658,2017081
GREER,SC,34.8831,-82.2203,286.5,20170407,44.96,62.96,51.8,9.171454,280.0,29.974996,0.0,0.0,0.0,2017040
GREER,SC,34.8831,-82.2203,286.5,20170720,71.96,95.0,83.12,2.23694,280.0,10.961006,0.0,0.0,0.0,2017072
GREER,SC,34.8831,-82.2203,286.5,20170724,71.06,91.04,78.08,4.250186,280.0,14.092722,0.0,0.0,0.0,2017072
GREER,SC,34.8831,-82.2203,286.5,20170822,71.96,93.92,82.22,6.039738,280.0,18.119214,0.0,0.0,0.0,2017082
COLUMBIA,SC,33.9486,-81.1186,70.4,20170115,44.96,80.06,59.18,3.802798,280.0,17.000744,0.0,0.0,0.0,2017011
COLUMBIA,SC,33.9486,-81.1186,70.4,20170130,33.08,55.04,44.96,8.724066,280.0,27.066974,0.0,0.0,0.0,2017013
COLUMBIA,SC,33.9486,-81.1186,70.4,20170202,44.96,77.0,60.98,5.368656,280.0,25.053728,0.0,0.0,0.0,2017020
COLUMBIA,SC,33.9486,-81.1186,70.4,20170215,48.02,64.04,58.64,6.71082,280.0,33.106712,0.0,0.0,1.16929197,2017021
COLUMBIA,SC,33.9486,-81.1186,70.4,20170226,35.06,64.04,53.42,2.684328,280.0,14.092722,0.0,0.0,0.0,2017022
COLUMBIA,SC,33.9486,-81.1186,70.4,20170303,31.1,64.94,48.38,6.934514,280.0,29.974996,0.0,0.0,0.0,2017030
COLUMBIA,SC,33.9486,-81.1186,70.4,20170308,42.98,75.02,66.38,6.487126,280.0,23.040482,0.0,0.0,0.0,2017030
COLUMBIA,SC,33.9486,-81.1186,70.4,20170310,50.0,77.0,63.14,11.408394,280.0,34.001488,0.0,0.0,0.05118113,2017031
COLUMBIA,SC,33.9486,-81.1186,70.4,20170401,48.92,80.96,66.74,5.816044,280.0,23.935258,0.0,0.0,0.0,2017040
COLUMBIA,SC,33.9486,-81.1186,70.4,20170506,50.0,73.94,60.44,12.30317,280.0,33.106712,0.0,0.0,0.29133874,2017050
COLUMBIA,SC,33.9486,-81.1186,70.4,20170507,46.94,73.94,61.16,6.934514,280.0,21.027236,0.0,0.0,0.0,2017050
COLUMBIA,SC,33.9486,-81.1186,70.4,20170508,46.04,80.06,63.32,6.487126,280.0,23.935258,0.0,0.0,0.0,2017050
COLUMBIA,SC,33.9486,-81.1186,70.4,20170510,57.92,93.02,77.72,6.487126,280.0,21.922012,0.0,0.0,0.0,2017051
COLUMBIA,SC,33.9486,-81.1186,70.4,20170528,71.06,93.02,81.14,8.052984,280.0,38.922756,0.0,0.0,0.0,2017052
COLUMBIA,SC,33.9486,-81.1186,70.4,20170603,69.98,91.94,81.14,3.802798,280.0,29.08022,0.0,0.0,0.0787402,2017060
COLUMBIA,SC,33.9486,-81.1186,70.4,20170609,62.06,89.06,74.48,4.250186,280.0,17.000744,0.0,0.0,0.0,2017060
COLUMBIA,SC,33.9486,-81.1186,70.4,20170704,73.94,93.92,80.42,4.697574,280.0,25.948504,0.0,0.0,0.0,2017070
COLUMBIA,SC,33.9486,-81.1186,70.4,20170707,73.94,96.08,82.22,8.052984,280.0,44.962494,0.0,0.0,0.1181103,2017070
COLUMBIA,SC,33.9486,-81.1186,70.4,20170724,73.94,91.94,77.9,4.250186,280.0,36.014734,0.0,0.0,0.31889781,2017072
COLUMBIA,SC,33.9486,-81.1186,70.4,20170812,77.0,93.92,82.94,3.579104,280.0,12.974252,0.0,0.0,0.0,2017081
COLUMBIA,SC,33.9486,-81.1186,70.4,20170816,75.92,98.06,86.54,3.35541,280.0,14.987498,0.0,0.0,0.0,2017081
COLUMBIA,SC,33.9486,-81.1186,70.4,20170903,60.98,93.02,76.64,4.47388,280.0,21.027236,0.0,0.0,0.0,2017090
GREER,SC,34.8831,-82.2203,286.5,20170126,41.0,64.94,59.54,12.079476,270.0,35.119958,0.0,0.0,0.01968505,2017012
GREER,SC,34.8831,-82.2203,286.5,20170225,44.06,73.94,64.04,12.750558,270.0,38.922756,0.0,0.0,0.0,2017022
GREER,SC,34.8831,-82.2203,286.5,20170521,64.94,75.02,70.7,5.816044,270.0,19.01399,0.0,0.0,2.05905623,2017052
GREER,SC,34.8831,-82.2203,286.5,20170531,62.96,84.92,73.04,4.921268,270.0,27.96175,0.0,0.0,0.57086645,2017053
GREER,SC,34.8831,-82.2203,286.5,20170619,69.08,87.08,76.82,8.724066,270.0,27.96175,0.0,0.0,0.0,2017061
GREER,SC,34.8831,-82.2203,286.5,20170727,71.06,89.96,80.06,5.144962,270.0,40.041226,0.0,0.0,0.61023655,2017072
CHARLESTON INTL AP,SC,32.8986,-80.0403,12.2,20170115,46.04,78.98,58.64,4.026492,270.0,14.092722,0.0,0.0,0.0,2017011
CHARLESTON INTL AP,SC,32.8986,-80.0403,12.2,20170123,50.0,64.94,57.74,9.171454,270.0,36.90951,0.0,0.0,0.0393701,2017012
CHARLESTON INTL AP,SC,32.8986,-80.0403,12.2,20170212,57.02,78.98,63.86,10.513618,270.0,23.935258,0.0,0.0,0.0,2017021
CHARLESTON INTL AP,SC,32.8986,-80.0403,12.2,20170216,39.02,64.94,52.7,7.381902,270.0,23.040482,0.0,0.0,0.0,2017021
CHARLESTON INTL AP,SC,32.8986,-80.0403,12.2,20170425,57.92,75.92,64.58,8.052984,270.0,23.935258,0.0,0.0,0.0,2017042
COLUMBIA,SC,33.9486,-81.1186,70.4,20170124,46.94,68.0,57.02,9.395148,270.0,23.040482,0.0,0.0,0.0,2017012
COLUMBIA,SC,33.9486,-81.1186,70.4,20170126,50.0,69.08,63.86,14.092722,270.0,40.936002,0.0,0.0,0.1181103,2017012
COLUMBIA,SC,33.9486,-81.1186,70.4,20170128,31.1,55.94,43.52,8.500372,270.0,25.948504,0.0,0.0,0.0,2017012
COLUMBIA,SC,33.9486,-81.1186,70.4,20170129,33.98,57.02,45.14,11.855782,270.0,38.02798,0.0,0.0,0.0,2017012
COLUMBIA,SC,33.9486,-81.1186,70.4,20170212,59.0,78.98,69.26,11.855782,270.0,29.08022,0.0,0.0,0.0,2017021
COLUMBIA,SC,33.9486,-81.1186,70.4,20170331,60.08,82.04,71.06,12.526864,270.0,38.02798,0.0,0.0,0.11023628,2017033
COLUMBIA,SC,33.9486,-81.1186,70.4,20170420,60.98,86.0,72.5,2.908022,270.0,17.000744,0.0,0.0,0.0,2017042
COLUMBIA,SC,33.9486,-81.1186,70.4,20170514,57.02,84.92,70.52,2.908022,270.0,14.987498,0.0,0.0,0.0,2017051
COLUMBIA,SC,33.9486,-81.1186,70.4,20170702,73.04,93.92,84.02,6.263432,270.0,19.908766,0.0,0.0,0.0,2017070
COLUMBIA,SC,33.9486,-81.1186,70.4,20170706,75.02,96.98,86.18,6.039738,270.0,33.106712,0.0,0.0,0.22834658,2017070
COLUMBIA,SC,33.9486,-81.1186,70.4,20170711,73.04,91.94,79.52,4.026492,270.0,31.988242,0.0,0.0,0.37007894,2017071
COLUMBIA,SC,33.9486,-81.1186,70.4,20170714,77.0,96.98,87.08,5.816044,270.0,16.105968,0.0,0.0,0.0,2017071
COLUMBIA,SC,33.9486,-81.1186,70.4,20170728,75.92,93.92,84.02,6.487126,270.0,23.040482,0.0,0.0,0.0,2017072
COLUMBIA,SC,33.9486,-81.1186,70.4,20170815,75.92,96.98,84.92,5.816044,270.0,21.027236,0.0,0.0,0.0,2017081
COLUMBIA,SC,33.9486,-81.1186,70.4,20170831,71.06,93.02,77.36,3.802798,270.0,23.935258,0.0,0.0,0.01181103,2017083
COLUMBIA,SC,33.9486,-81.1186,70.4,20170904,57.92,95.0,75.56,3.131716,270.0,21.922012,0.0,0.0,0.0,2017090
COLUMBIA,SC,33.9486,-81.1186,70.4,20170914,69.08,87.98,77.36,4.250186,270.0,21.027236,0.0,0.0,0.01181103,2017091
GREER,SC,34.8831,-82.2203,286.5,20170316,23.18,53.06,35.42,5.368656,260.0,19.01399,0.0,0.0,0.0,2017031
GREER,SC,34.8831,-82.2203,286.5,20170318,50.0,73.04,59.72,10.961006,260.0,29.974996,0.0,0.0,0.01181103,2017031
GREER,SC,34.8831,-82.2203,286.5,20170331,53.06,73.94,65.48,13.197946,260.0,38.02798,0.0,0.0,0.31102379,2017033
GREER,SC,34.8831,-82.2203,286.5,20170623,73.04,87.98,78.26,14.316416,260.0,31.093466,0.0,0.0,0.05905515,2017062
CHARLESTON INTL AP,SC,32.8986,-80.0403,12.2,20170126,55.04,73.94,62.78,13.645334,260.0,38.02798,0.0,0.0,0.0,2017012
CHARLESTON INTL AP,SC,32.8986,-80.0403,12.2,20170129,39.02,57.92,48.38,11.1847,260.0,31.093466,0.0,0.0,0.0,2017012
CHARLESTON INTL AP,SC,32.8986,-80.0403,12.2,20170225,53.06,80.96,66.92,10.737312,260.0,29.974996,0.0,0.0,0.0,2017022
CHARLESTON INTL AP,SC,32.8986,-80.0403,12.2,20170815,75.02,93.02,82.04,6.039738,260.0,19.01399,0.0,0.0,0.0,2017081
CHARLESTON INTL AP,SC,32.8986,-80.0403,12.2,20170901,71.96,91.04,79.88,8.500372,260.0,31.093466,0.0,0.0,0.03149608,2017090
CHARLESTON INTL AP,SC,32.8986,-80.0403,12.2,20170903,69.98,87.98,78.44,6.263432,260.0,19.908766,0.0,0.0,0.0,2017090
COLUMBIA,SC,33.9486,-81.1186,70.4,20170113,44.06,80.06,59.9,2.460634,260.0,18.119214,0.0,0.0,0.0,2017011
COLUMBIA,SC,33.9486,-81.1186,70.4,20170118,50.0,80.06,69.26,9.842536,260.0,31.093466,0.0,0.0,0.0,2017011
COLUMBIA,SC,33.9486,-81.1186,70.4,20170205,28.22,64.04,42.62,6.039738,260.0,23.935258,0.0,0.0,0.0,2017020
COLUMBIA,SC,33.9486,-81.1186,70.4,20170211,44.96,75.92,56.3,8.724066,260.0,29.974996,0.0,0.0,0.0,2017021
COLUMBIA,SC,33.9486,-81.1186,70.4,20170225,53.06,80.06,68.72,13.197946,260.0,42.949248,0.0,0.0,0.0,2017022
COLUMBIA,SC,33.9486,-81.1186,70.4,20170301,64.04,84.02,71.24,11.408394,260.0,36.90951,0.0,0.0,0.22047256,2017030
COLUMBIA,SC,33.9486,-81.1186,70.4,20170318,51.08,71.96,58.64,11.408394,260.0,34.001488,0.0,0.0,0.03149608,2017031
COLUMBIA,SC,33.9486,-81.1186,70.4,20170328,60.98,84.92,72.86,7.82929,260.0,23.935258,0.0,0.0,0.0,2017032
COLUMBIA,SC,33.9486,-81.1186,70.4,20170407,46.04,66.92,56.3,15.211192,260.0,36.014734,0.0,0.0,0.0,2017040
COLUMBIA,SC,33.9486,-81.1186,70.4,20170416,60.08,84.92,72.68,6.71082,260.0,21.922012,0.0,0.0,0.0,2017041
COLUMBIA,SC,33.9486,-81.1186,70.4,20170505,53.96,69.08,64.76,11.632088,260.0,29.08022,0.0,0.0,0.05118113,2017050
COLUMBIA,SC,33.9486,-81.1186,70.4,20170509,53.06,89.96,70.34,5.816044,260.0,29.08022,0.0,0.0,0.0,2017050
COLUMBIA,SC,33.9486,-81.1186,70.4,20170511,66.92,91.94,78.26,7.82929,260.0,25.948504,0.0,0.0,0.0,2017051
COLUMBIA,SC,33.9486,-81.1186,70.4,20170530,69.08,84.92,75.02,5.59235,260.0,21.922012,0.0,0.0,0.0,2017053
COLUMBIA,SC,33.9486,-81.1186,70.4,20170705,73.04,96.08,83.84,6.263432,260.0,21.922012,0.0,0.0,0.0,2017070
GREER,SC,34.8831,-82.2203,286.5,20170113,51.98,78.08,62.78,5.816044,250.0,16.105968,0.0,0.0,0.0,2017011
GREER,SC,34.8831,-82.2203,286.5,20170301,55.94,77.0,64.4,12.526864,250.0,51.002232,0.0,0.0,0.88189024,2017030
GREER,SC,34.8831,-82.2203,286.5,20170328,57.02,84.02,68.54,9.842536,250.0,27.066974,0.0,0.0,0.29921276,2017032
GREER,SC,34.8831,-82.2203,286.5,20170516,62.06,89.06,75.38,4.697574,250.0,18.119214,0.0,0.0,0.0,2017051
GREER,SC,34.8831,-82.2203,286.5,20170622,69.08,80.06,73.76,4.250186,250.0,18.119214,0.0,0.0,0.57874047,2017062
GREER,SC,34.8831,-82.2203,286.5,20170903,57.02,84.02,70.52,1.565858,250.0,14.987498,0.0,0.0,0.0,2017090
CHARLESTON INTL AP,SC,32.8986,-80.0403,12.2,20170125,44.06,75.02,57.02,7.82929,250.0,23.935258,0.0,0.0,0.0,2017012
CHARLESTON INTL AP,SC,32.8986,-80.0403,12.2,20170201,48.02,75.02,60.44,9.618842,250.0,23.040482,0.0,0.0,0.0,2017020
CHARLESTON INTL AP,SC,32.8986,-80.0403,12.2,20170211,41.0,77.0,54.14,9.171454,250.0,23.935258,0.0,0.0,0.0,2017021
CHARLESTON INTL AP,SC,32.8986,-80.0403,12.2,20170318,42.98,75.92,57.38,10.737312,250.0,29.974996,0.0,0.0,0.0,2017031
CHARLESTON INTL AP,SC,32.8986,-80.0403,12.2,20170406,53.96,71.96,67.1,15.65858,250.0,44.067718,0.0,0.0,1.1417329,2017040
COLUMBIA,SC,33.9486,-81.1186,70.4,20170120,55.04,78.98,63.14,4.921268,250.0,21.922012,0.0,0.0,0.0,2017012
COLUMBIA,SC,33.9486,-81.1186,70.4,20170327,60.08,82.94,70.52,6.934514,250.0,23.040482,0.0,0.0,0.0,2017032
COLUMBIA,SC,33.9486,-81.1186,70.4,20170406,50.0,66.92,63.32,20.579848,250.0,44.962494,0.0,0.0,0.0,2017040
COLUMBIA,SC,33.9486,-81.1186,70.4,20170523,66.92,75.02,71.78,3.802798,250.0,14.987498,0.0,0.0,0.53937037,2017052
COLUMBIA,SC,33.9486,-81.1186,70.4,20170525,60.08,77.0,67.82,12.30317,250.0,35.119958,0.0,0.0,0.09055123,2017052
COLUMBIA,SC,33.9486,-81.1186,70.4,20170527,64.04,91.94,78.08,9.395148,250.0,29.08022,0.0,0.0,0.0,2017052
COLUMBIA,SC,33.9486,-81.1186,70.4,20170529,66.92,93.02,79.88,4.921268,250.0,59.949992,0.0,0.0,0.88189024,2017052
COLUMBIA,SC,33.9486,-81.1186,70.4,20170619,75.02,93.02,83.12,8.500372,250.0,27.066974,0.0,0.0,0.0,2017061
COLUMBIA,SC,33.9486,-81.1186,70.4,20170701,73.04,93.02,79.88,6.934514,250.0,19.908766,0.0,0.0,0.0,2017070
COLUMBIA,SC,33.9486,-81.1186,70.4,20170721,73.94,96.98,82.76,3.802798,250.0,29.974996,0.0,0.0,0.0,2017072
COLUMBIA,SC,33.9486,-81.1186,70.4,20170823,75.92,96.08,84.92,4.697574,250.0,31.988242,0.0,0.0,0.22047256,2017082
GREER,SC,34.8831,-82.2203,286.5,20170112,44.96,71.06,54.68,9.395148,240.0,29.08022,0.0,0.0,0.0,2017011
GREER,SC,34.8831,-82.2203,286.5,20170128,28.22,53.06,38.12,8.724066,240.0,29.974996,0.0,0.0,0.0,2017012
GREER,SC,34.8831,-82.2203,286.5,20170205,28.22,60.98,41.72,9.842536,240.0,27.96175,0.0,0.0,0.0,2017020
GREER,SC,34.8831,-82.2203,286.5,20170211,42.08,73.04,55.4,12.750558,240.0,27.96175,0.0,0.0,0.0,2017021
GREER,SC,34.8831,-82.2203,286.5,20170218,42.98,64.94,53.78,8.052984,240.0,23.040482,0.0,0.0,0.0,2017021
GREER,SC,34.8831,-82.2203,286.5,20170228,46.94,71.96,57.56,5.144962,240.0,19.01399,0.0,0.0,0.0,2017022
GREER,SC,34.8831,-82.2203,286.5,20170403,57.02,66.02,61.7,10.06623,240.0,38.922756,0.0,0.0,0.57874047,2017040
GREER,SC,34.8831,-82.2203,286.5,20170510,60.08,86.0,73.94,5.59235,240.0,21.027236,0.0,0.0,0.0,2017051
GREER,SC,34.8831,-82.2203,286.5,20170511,60.98,84.92,73.58,6.71082,240.0,21.027236,0.0,0.0,0.0,2017051
GREER,SC,34.8831,-82.2203,286.5,20170514,51.08,82.94,67.1,3.35541,240.0,17.000744,0.0,0.0,0.0,2017051
GREER,SC,34.8831,-82.2203,286.5,20170525,55.04,73.04,63.68,11.408394,240.0,36.014734,0.0,0.0,0.0,2017052
GREER,SC,34.8831,-82.2203,286.5,20170529,62.06,86.0,73.4,5.144962,240.0,21.922012,0.0,0.0,0.01968505,2017052
GREER,SC,34.8831,-82.2203,286.5,20170707,71.06,89.06,79.16,9.171454,240.0,23.935258,0.0,0.0,0.0,2017070
GREER,SC,34.8831,-82.2203,286.5,20170728,71.06,89.06,76.82,6.934514,240.0,42.054472,0.0,0.0,0.51968532,2017072
GREER,SC,34.8831,-82.2203,286.5,20170817,73.04,93.02,82.22,5.368656,240.0,21.027236,0.0,0.0,0.0,2017081
CHARLESTON INTL AP,SC,32.8986,-80.0403,12.2,20170218,44.96,71.06,58.1,4.697574,240.0,23.040482,0.0,0.0,0.0,2017021
CHARLESTON INTL AP,SC,32.8986,-80.0403,12.2,20170331,66.02,84.02,72.68,13.197946,240.0,34.001488,0.0,0.0,0.1181103,2017033
CHARLESTON INTL AP,SC,32.8986,-80.0403,12.2,20170904,69.08,89.96,78.08,5.59235,240.0,18.119214,0.0,0.0,0.0,2017090
COLUMBIA,SC,33.9486,-81.1186,70.4,20170125,37.94,75.92,55.22,6.263432,240.0,25.053728,0.0,0.0,0.0,2017012
COLUMBIA,SC,33.9486,-81.1186,70.4,20170217,33.08,75.02,51.62,3.579104,240.0,21.922012,0.0,0.0,0.0,2017021
COLUMBIA,SC,33.9486,-81.1186,70.4,20170426,57.92,87.08,72.32,5.368656,240.0,18.119214,0.0,0.0,0.0,2017042
COLUMBIA,SC,33.9486,-81.1186,70.4,20170807,75.02,91.94,80.06,8.052984,240.0,27.96175,0.0,0.0,0.18110246,2017080
COLUMBIA,SC,33.9486,-81.1186,70.4,20170902,69.08,91.04,79.52,5.368656,240.0,23.935258,0.0,0.0,0.0,2017090
GREER,SC,34.8831,-82.2203,286.5,20170118,48.02,78.08,65.12,8.500372,230.0,25.948504,0.0,0.0,0.0,2017011
GREER,SC,34.8831,-82.2203,286.5,20170129,31.1,55.94,41.36,11.408394,230.0,34.001488,0.0,0.0,0.0,2017012
GREER,SC,34.8831,-82.2203,286.5,20170130,28.22,51.98,39.74,8.052984,230.0,25.948504,0.0,0.0,0.0,2017013
GREER,SC,34.8831,-82.2203,286.5,20170406,46.04,62.06,57.02,16.77705,230.0,42.949248,0.0,0.0,0.01181103,2017040
GREER,SC,34.8831,-82.2203,286.5,20170414,55.94,82.04,68.36,3.131716,230.0,25.948504,0.0,0.0,0.11023628,2017041
GREER,SC,34.8831,-82.2203,286.5,20170415,59.0,80.96,68.54,8.724066,230.0,23.040482,0.0,0.0,0.0,2017041
GREER,SC,34.8831,-82.2203,286.5,20170422,60.98,82.94,72.68,9.842536,230.0,36.014734,0.0,0.0,0.01181103,2017042
GREER,SC,34.8831,-82.2203,286.5,20170426,57.02,82.04,67.28,5.368656,230.0,21.027236,0.0,0.0,0.0,2017042
GREER,SC,34.8831,-82.2203,286.5,20170505,51.08,64.94,58.64,12.30317,230.0,44.962494,0.0,0.0,0.22047256,2017050
GREER,SC,34.8831,-82.2203,286.5,20170507,39.92,71.06,54.32,5.59235,230.0,19.908766,0.0,0.0,0.0,2017050
GREER,SC,34.8831,-82.2203,286.5,20170509,53.96,84.92,69.08,8.276678,230.0,33.106712,0.0,0.0,0.0,2017050
GREER,SC,34.8831,-82.2203,286.5,20170518,64.04,84.02,72.86,6.039738,230.0,21.027236,0.0,0.0,0.0,2017051
GREER,SC,34.8831,-82.2203,286.5,20170522,62.06,80.96,69.26,3.35541,230.0,12.079476,0.0,0.0,0.01968505,2017052
GREER,SC,34.8831,-82.2203,286.5,20170527,62.06,86.0,73.94,8.276678,230.0,21.027236,0.0,0.0,0.0,2017052
GREER,SC,34.8831,-82.2203,286.5,20170528,66.92,82.04,74.66,8.500372,230.0,27.066974,0.0,0.0,0.0,2017052
GREER,SC,34.8831,-82.2203,286.5,20170604,66.92,84.02,71.78,2.908022,230.0,29.08022,0.0,0.0,0.07086618,2017060
GREER,SC,34.8831,-82.2203,286.5,20170609,60.08,84.02,70.7,4.250186,230.0,19.908766,0.0,0.0,0.0,2017060
GREER,SC,34.8831,-82.2203,286.5,20170713,73.94,93.02,82.94,7.158208,230.0,19.908766,0.0,0.0,0.0,2017071
GREER,SC,34.8831,-82.2203,286.5,20170805,66.92,89.06,76.64,3.131716,230.0,14.092722,0.0,0.0,0.0393701,2017080
GREER,SC,34.8831,-82.2203,286.5,20170902,59.0,80.96,70.16,6.487126,230.0,25.053728,0.0,0.0,0.0,2017090
CHARLESTON INTL AP,SC,32.8986,-80.0403,12.2,20170117,51.08,77.0,60.62,6.263432,230.0,18.119214,0.0,0.0,0.0,2017011
CHARLESTON INTL AP,SC,32.8986,-80.0403,12.2,20170121,57.02,69.08,64.22,8.500372,230.0,29.08022,0.0,0.0,0.85039416,2017012
CHARLESTON INTL AP,SC,32.8986,-80.0403,12.2,20170131,39.02,69.08,51.44,11.855782,230.0,27.96175,0.0,0.0,0.0,2017013
CHARLESTON INTL AP,SC,32.8986,-80.0403,12.2,20170812,75.92,93.02,81.68,6.263432,230.0,29.08022,0.0,0.0,0.11023628,2017081
CHARLESTON INTL AP,SC,32.8986,-80.0403,12.2,20170902,73.04,86.0,77.18,4.697574,230.0,23.040482,0.0,0.0,0.5511814,2017090
COLUMBIA,SC,33.9486,-81.1186,70.4,20170117,53.96,77.0,60.26,5.816044,230.0,19.908766,0.0,0.0,0.0,2017011
COLUMBIA,SC,33.9486,-81.1186,70.4,20170123,48.92,60.98,56.3,8.94776,230.0,29.08022,0.0,0.0,0.0,2017012
COLUMBIA,SC,33.9486,-81.1186,70.4,20170127,33.98,55.94,47.48,9.842536,230.0,29.974996,0.0,0.0,0.0,2017012
COLUMBIA,SC,33.9486,-81.1186,70.4,20170131,33.08,73.94,49.82,7.605596,230.0,27.066974,0.0,0.0,0.0,2017013
COLUMBIA,SC,33.9486,-81.1186,70.4,20170201,50.0,75.02,61.52,8.724066,230.0,29.08022,0.0,0.0,0.0,2017020
COLUMBIA,SC,33.9486,-81.1186,70.4,20170208,57.92,73.94,65.12,7.605596,230.0,19.908766,0.0,0.0,0.09842525,2017020
COLUMBIA,SC,33.9486,-81.1186,70.4,20170309,35.96,78.98,56.48,4.250186,230.0,21.922012,0.0,0.0,0.0,2017030
COLUMBIA,SC,33.9486,-81.1186,70.4,20170330,64.04,80.96,69.8,9.618842,230.0,31.093466,0.0,0.0,0.42913409,2017033
COLUMBIA,SC,33.9486,-81.1186,70.4,20170412,55.94,84.02,70.34,3.802798,230.0,16.105968,0.0,0.0,0.0,2017041
COLUMBIA,SC,33.9486,-81.1186,70.4,20170423,60.98,73.94,70.52,8.500372,230.0,25.053728,0.0,0.0,1.68110327,2017042
COLUMBIA,SC,33.9486,-81.1186,70.4,20170716,71.96,89.06,77.72,5.368656,230.0,23.935258,0.0,0.0,1.46063071,2017071
COLUMBIA,SC,33.9486,-81.1186,70.4,20170805,75.02,91.04,80.6,4.697574,230.0,23.935258,0.0,0.0,0.0393701,2017080
COLUMBIA,SC,33.9486,-81.1186,70.4,20170818,78.08,96.98,87.26,6.487126,230.0,25.053728,0.0,0.0,0.0,2017081
GREER,SC,34.8831,-82.2203,286.5,20170120,50.0,71.06,57.02,5.816044,220.0,19.908766,0.0,0.0,0.22047256,2017012
GREER,SC,34.8831,-82.2203,286.5,20170125,39.02,73.94,53.06,10.289924,220.0,36.014734,0.0,0.0,0.0,2017012
GREER,SC,34.8831,-82.2203,286.5,20170127,30.2,53.06,41.72,6.487126,220.0,25.948504,0.0,0.0,0.0,2017012
GREER,SC,34.8831,-82.2203,286.5,20170131,35.06,69.08,49.28,12.30317,220.0,31.093466,0.0,0.0,0.0,2017013
GREER,SC,34.8831,-82.2203,286.5,20170212,60.08,80.96,67.46,11.408394,220.0,31.093466,0.0,0.0,0.0,2017021
GREER,SC,34.8831,-82.2203,286.5,20170405,57.02,64.04,61.52,7.82929,220.0,36.90951,0.0,0.0,1.3385834,2017040
GREER,SC,34.8831,-82.2203,286.5,20170416,59.0,80.06,68.9,10.513618,220.0,25.948504,0.0,0.0,0.0,2017041
GREER,SC,34.8831,-82.2203,286.5,20170523,64.94,69.98,67.82,5.816044,220.0,19.908766,0.0,0.0,0.68110273,2017052
GREER,SC,34.8831,-82.2203,286.5,20170526,51.98,80.96,67.1,5.816044,220.0,19.01399,0.0,0.0,0.0,2017052
GREER,SC,34.8831,-82.2203,286.5,20170605,68.0,84.02,72.86,7.381902,220.0,23.040482,0.0,0.0,0.5905515,2017060
GREER,SC,34.8831,-82.2203,286.5,20170630,69.98,80.06,72.14,6.039738,220.0,21.027236,0.0,0.0,0.7086618,2017063
GREER,SC,34.8831,-82.2203,286.5,20170702,68.0,89.96,78.08,3.35541,220.0,17.000744,0.0,0.0,0.1181103,2017070
GREER,SC,34.8831,-82.2203,286.5,20170711,69.98,91.04,79.52,6.039738,220.0,14.987498,0.0,0.0,0.0,2017071
GREER,SC,34.8831,-82.2203,286.5,20170722,73.94,95.0,85.1,6.263432,220.0,17.000744,0.0,0.0,0.0,2017072
GREER,SC,34.8831,-82.2203,286.5,20170807,71.06,84.92,75.56,9.171454,220.0,33.106712,0.0,0.0,0.6299216,2017080
CHARLESTON INTL AP,SC,32.8986,-80.0403,12.2,20170103,62.96,73.94,67.1,10.289924,220.0,36.90951,0.0,0.0,0.46063017,2017010
CHARLESTON INTL AP,SC,32.8986,-80.0403,12.2,20170215,48.92,71.06,61.88,11.408394,220.0,40.041226,0.0,0.0,0.0393701,2017021
CHARLESTON INTL AP,SC,32.8986,-80.0403,12.2,20170912,68.0,82.04,76.64,7.82929,220.0,23.935258,0.0,0.0,0.0,2017091
CHARLESTON INTL AP,SC,32.8986,-80.0403,12.2,20170914,71.96,87.98,78.26,5.368656,220.0,16.105968,0.0,0.0,0.0,2017091
COLUMBIA,SC,33.9486,-81.1186,70.4,20170320,32.0,73.94,50.72,2.013246,220.0,17.000744,0.0,0.0,0.0,2017032
COLUMBIA,SC,33.9486,-81.1186,70.4,20170404,60.98,87.08,70.16,8.276678,220.0,25.948504,0.0,0.0,0.0,2017040
COLUMBIA,SC,33.9486,-81.1186,70.4,20170422,66.02,87.98,77.18,8.500372,220.0,27.96175,0.0,0.0,0.0,2017042
COLUMBIA,SC,33.9486,-81.1186,70.4,20170524,62.96,78.98,71.24,7.158208,220.0,40.936002,0.0,0.0,1.38189051,2017052
COLUMBIA,SC,33.9486,-81.1186,70.4,20170614,69.08,96.98,82.58,4.47388,220.0,19.01399,0.0,0.0,0.0,2017061
COLUMBIA,SC,33.9486,-81.1186,70.4,20170620,73.04,80.96,78.44,4.697574,220.0,19.01399,0.0,0.0,0.24015761,2017062
COLUMBIA,SC,33.9486,-81.1186,70.4,20170703,73.04,93.92,81.14,3.802798,220.0,29.974996,0.0,0.0,0.48818924,2017070
COLUMBIA,SC,33.9486,-81.1186,70.4,20170804,73.04,89.06,79.34,6.71082,220.0,23.935258,0.0,0.0,0.01968505,2017080
GREER,SC,34.8831,-82.2203,286.5,20170109,16.16,37.04,25.7,2.013246,210.0,12.079476,0.0,3.149608,0.0,2017010
GREER,SC,34.8831,-82.2203,286.5,20170117,51.08,64.94,55.58,7.158208,210.0,25.053728,0.0,0.0,0.0,2017011
GREER,SC,34.8831,-82.2203,286.5,20170201,46.94,71.96,57.56,11.1847,210.0,31.988242,0.0,0.0,0.0,2017020
GREER,SC,34.8831,-82.2203,286.5,20170207,50.0,69.08,58.1,8.052984,210.0,36.014734,0.0,0.0,0.42126007,2017020
GREER,SC,34.8831,-82.2203,286.5,20170214,37.04,68.0,50.9,5.59235,210.0,19.01399,0.0,0.0,0.0,2017021
GREER,SC,34.8831,-82.2203,286.5,20170217,35.06,69.98,51.08,6.487126,210.0,23.935258,0.0,0.0,0.0,2017021
GREER,SC,34.8831,-82.2203,286.5,20170307,50.0,73.04,59.0,11.408394,210.0,33.106712,0.0,0.0,0.0787402,2017030
GREER,SC,34.8831,-82.2203,286.5,20170309,37.94,73.94,55.94,5.59235,210.0,25.053728,0.0,0.0,0.0,2017030
GREER,SC,34.8831,-82.2203,286.5,20170317,28.22,62.96,43.52,6.263432,210.0,25.948504,0.0,0.0,0.0,2017031
GREER,SC,34.8831,-82.2203,286.5,20170410,50.0,77.0,62.42,8.94776,210.0,27.96175,0.0,0.0,0.0,2017041
GREER,SC,34.8831,-82.2203,286.5,20170411,53.96,80.06,66.2,8.500372,210.0,21.922012,0.0,0.0,0.0,2017041
GREER,SC,34.8831,-82.2203,286.5,20170427,59.0,73.94,65.66,4.250186,210.0,14.092722,0.0,0.0,0.05905515,2017042
GREER,SC,34.8831,-82.2203,286.5,20170430,66.02,82.94,73.76,8.500372,210.0,23.935258,0.0,0.0,0.18897648,2017043
GREER,SC,34.8831,-82.2203,286.5,20170502,51.98,77.0,64.22,8.500372,210.0,27.96175,0.0,0.0,0.0,2017050
GREER,SC,34.8831,-82.2203,286.5,20170530,64.94,82.04,72.32,4.921268,210.0,17.000744,0.0,0.0,0.01181103,2017053
GREER,SC,34.8831,-82.2203,286.5,20170610,62.96,86.0,74.48,4.250186,210.0,23.935258,0.0,0.0,0.0,2017061
GREER,SC,34.8831,-82.2203,286.5,20170706,69.08,91.04,77.36,6.263432,210.0,29.974996,0.0,0.0,0.0,2017070
GREER,SC,34.8831,-82.2203,286.5,20170721,71.96,96.08,83.84,2.684328,210.0,16.105968,0.0,0.0,0.0,2017072
GREER,SC,34.8831,-82.2203,286.5,20170812,71.96,89.96,78.26,3.802798,210.0,12.974252,0.0,0.0,0.0,2017081
GREER,SC,34.8831,-82.2203,286.5,20170818,73.04,93.02,83.12,7.82929,210.0,23.040482,0.0,0.0,0.0,2017081
GREER,SC,34.8831,-82.2203,286.5,20170821,73.04,91.04,81.32,4.250186,210.0,16.105968,0.0,0.0,0.0,2017082
GREER,SC,34.8831,-82.2203,286.5,20170830,64.04,82.04,71.96,3.579104,210.0,17.000744,0.0,0.0,0.01181103,2017083
GREER,SC,34.8831,-82.2203,286.5,20170904,59.0,84.92,71.78,3.131716,210.0,19.908766,0.0,0.0,0.0,2017090
GREER,SC,34.8831,-82.2203,286.5,20170905,62.96,86.0,73.22,8.052984,210.0,23.935258,0.0,0.0,0.35826791,2017090
GREER,SC,34.8831,-82.2203,286.5,20170914,62.96,78.98,69.44,5.368656,210.0,19.01399,0.0,0.0,0.0,2017091
CHARLESTON INTL AP,SC,32.8986,-80.0403,12.2,20170102,59.0,80.96,68.18,5.368656,210.0,31.093466,0.0,0.0,0.0,2017010
CHARLESTON INTL AP,SC,32.8986,-80.0403,12.2,20170202,51.98,75.92,61.52,8.500372,210.0,19.908766,0.0,0.0,0.0,2017020
CHARLESTON INTL AP,SC,32.8986,-80.0403,12.2,20170207,48.02,77.0,59.18,9.618842,210.0,29.974996,0.0,0.0,0.0,2017020
CHARLESTON INTL AP,SC,32.8986,-80.0403,12.2,20170208,59.0,71.96,64.94,9.842536,210.0,31.988242,0.0,0.0,0.31102379,2017020
CHARLESTON INTL AP,SC,32.8986,-80.0403,12.2,20170214,37.94,71.96,54.68,6.487126,210.0,25.948504,0.0,0.0,0.0,2017021
CHARLESTON INTL AP,SC,32.8986,-80.0403,12.2,20170301,64.94,82.94,71.78,14.092722,210.0,29.08022,0.0,0.0,0.0,2017030
CHARLESTON INTL AP,SC,32.8986,-80.0403,12.2,20170805,75.02,87.08,78.8,7.605596,210.0,21.027236,0.0,0.0,0.01181103,2017080
CHARLESTON INTL AP,SC,32.8986,-80.0403,12.2,20170806,75.02,91.04,81.32,7.381902,210.0,21.922012,0.0,0.0,0.0,2017080
CHARLESTON INTL AP,SC,32.8986,-80.0403,12.2,20170807,75.92,91.04,82.4,11.632088,210.0,27.96175,0.0,0.0,0.0,2017080
CHARLESTON INTL AP,SC,32.8986,-80.0403,12.2,20170816,78.08,98.06,86.36,7.82929,210.0,17.000744,0.0,0.0,0.0,2017081
CHARLESTON INTL AP,SC,32.8986,-80.0403,12.2,20170906,68.0,84.02,78.26,8.052984,210.0,38.02798,0.0,0.0,0.40944904,2017090
COLUMBIA,SC,33.9486,-81.1186,70.4,20170218,39.02,69.08,53.78,4.026492,210.0,18.119214,0.0,0.0,0.01181103,2017021
COLUMBIA,SC,33.9486,-81.1186,70.4,20170317,25.16,69.08,44.24,4.921268,210.0,25.948504,0.0,0.0,0.0,2017031
COLUMBIA,SC,33.9486,-81.1186,70.4,20170325,51.08,78.08,65.84,5.816044,210.0,21.027236,0.0,0.0,0.0,2017032
COLUMBIA,SC,33.9486,-81.1186,70.4,20170415,57.92,84.02,72.14,5.59235,210.0,23.935258,0.0,0.0,0.0,2017041
COLUMBIA,SC,33.9486,-81.1186,70.4,20170417,59.0,87.08,73.22,5.368656,210.0,19.01399,0.0,0.0,0.0,2017041
COLUMBIA,SC,33.9486,-81.1186,70.4,20170421,64.94,89.96,76.46,7.605596,210.0,21.027236,0.0,0.0,0.0,2017042
COLUMBIA,SC,33.9486,-81.1186,70.4,20170516,62.06,93.92,78.26,5.144962,210.0,16.105968,0.0,0.0,0.0,2017051
COLUMBIA,SC,33.9486,-81.1186,70.4,20170630,73.04,84.92,78.08,4.250186,210.0,21.922012,0.0,0.0,0.85039416,2017063
COLUMBIA,SC,33.9486,-81.1186,70.4,20170708,73.94,96.08,82.58,7.82929,210.0,23.040482,0.0,0.0,0.0,2017070
GREER,SC,34.8831,-82.2203,286.5,20170110,24.26,48.92,33.26,2.460634,200.0,14.092722,0.0,1.968505,0.0,2017011
GREER,SC,34.8831,-82.2203,286.5,20170111,37.94,59.0,44.96,1.342164,200.0,12.079476,0.0,1.181103,0.05118113,2017011
GREER,SC,34.8831,-82.2203,286.5,20170115,51.08,75.92,59.54,5.144962,200.0,14.987498,0.0,0.0,0.0,2017011
GREER,SC,34.8831,-82.2203,286.5,20170123,44.96,57.92,52.52,7.381902,200.0,34.001488,0.0,0.0,0.0787402,2017012
GREER,SC,34.8831,-82.2203,286.5,20170208,51.98,69.98,58.46,8.94776,200.0,21.922012,0.0,0.0,0.03149608,2017020
GREER,SC,34.8831,-82.2203,286.5,20170226,31.1,59.0,46.22,3.35541,200.0,12.079476,0.0,0.0,0.0,2017022
GREER,SC,34.8831,-82.2203,286.5,20170304,28.22,57.92,42.44,4.250186,200.0,19.01399,0.0,0.0,0.0,2017030
GREER,SC,34.8831,-82.2203,286.5,20170320,32.0,71.96,49.64,4.697574,200.0,21.027236,0.0,0.0,0.0,2017032
GREER,SC,34.8831,-82.2203,286.5,20170327,55.94,80.06,65.12,7.158208,200.0,25.053728,0.0,0.0,0.0,2017032
GREER,SC,34.8831,-82.2203,286.5,20170404,59.0,80.96,66.92,12.974252,200.0,38.922756,0.0,0.0,0.0,2017040
GREER,SC,34.8831,-82.2203,286.5,20170409,39.92,75.02,58.64,6.934514,200.0,27.96175,0.0,0.0,0.0,2017040
GREER,SC,34.8831,-82.2203,286.5,20170420,53.96,80.96,65.3,6.039738,200.0,23.935258,0.0,0.0,0.0,2017042
GREER,SC,34.8831,-82.2203,286.5,20170421,60.98,86.0,72.68,8.500372,200.0,27.96175,0.0,0.0,0.29921276,2017042
GREER,SC,34.8831,-82.2203,286.5,20170517,62.06,86.0,75.74,7.158208,200.0,19.908766,0.0,0.0,0.0,2017051
GREER,SC,34.8831,-82.2203,286.5,20170613,69.08,87.08,76.82,3.802798,200.0,14.987498,0.0,0.0,0.29133874,2017061
GREER,SC,34.8831,-82.2203,286.5,20170615,69.08,91.04,79.16,3.35541,200.0,19.908766,0.0,0.0,0.03149608,2017061
GREER,SC,34.8831,-82.2203,286.5,20170701,71.06,89.96,78.26,8.724066,200.0,23.040482,0.0,0.0,0.07086618,2017070
GREER,SC,34.8831,-82.2203,286.5,20170714,71.06,93.92,82.76,6.934514,200.0,23.935258,0.0,0.0,0.40157502,2017071
GREER,SC,34.8831,-82.2203,286.5,20170806,68.0,89.06,77.0,6.039738,200.0,27.066974,0.0,0.0,0.03149608,2017080
GREER,SC,34.8831,-82.2203,286.5,20170814,73.04,87.08,77.54,4.47388,200.0,23.040482,0.0,0.0,0.64173263,2017081
GREER,SC,34.8831,-82.2203,286.5,20170907,51.08,77.0,63.86,2.23694,200.0,14.092722,0.0,0.0,0.0,2017090
GREER,SC,34.8831,-82.2203,286.5,20170913,55.94,78.98,65.84,5.59235,200.0,27.066974,0.0,0.0,0.0,2017091
CHARLESTON INTL AP,SC,32.8986,-80.0403,12.2,20170101,48.92,68.0,55.58,4.250186,200.0,12.079476,0.0,0.0,0.05118113,2017010
CHARLESTON INTL AP,SC,32.8986,-80.0403,12.2,20170320,35.06,71.06,52.34,6.039738,200.0,21.027236,0.0,0.0,0.0,2017032
CHARLESTON INTL AP,SC,32.8986,-80.0403,12.2,20170405,64.94,80.96,70.88,8.500372,200.0,27.96175,0.0,0.0,1.31889835,2017040
CHARLESTON INTL AP,SC,32.8986,-80.0403,12.2,20170420,60.98,84.92,70.88,5.144962,200.0,18.119214,0.0,0.0,0.0,2017042
CHARLESTON INTL AP,SC,32.8986,-80.0403,12.2,20170804,73.04,87.98,78.98,7.605596,200.0,21.922012,0.0,0.0,0.35039389,2017080
CHARLESTON INTL AP,SC,32.8986,-80.0403,12.2,20170818,80.06,96.08,85.82,8.276678,200.0,19.908766,0.0,0.0,0.0,2017081
CHARLESTON INTL AP,SC,32.8986,-80.0403,12.2,20170819,78.08,93.92,85.28,7.158208,200.0,18.119214,0.0,0.0,0.0,2017081
CHARLESTON INTL AP,SC,32.8986,-80.0403,12.2,20170822,73.94,89.96,79.88,5.368656,200.0,18.119214,0.0,0.0,0.20078751,2017082
CHARLESTON INTL AP,SC,32.8986,-80.0403,12.2,20170905,73.94,89.06,79.52,8.276678,200.0,25.053728,0.0,0.0,0.14173236,2017090
COLUMBIA,SC,33.9486,-81.1186,70.4,20170112,48.92,75.02,61.52,4.697574,200.0,21.922012,0.0,0.0,0.0,2017011
COLUMBIA,SC,33.9486,-81.1186,70.4,20170324,48.02,77.0,58.64,6.934514,200.0,19.908766,0.0,0.0,0.0,2017032
COLUMBIA,SC,33.9486,-81.1186,70.4,20170428,69.08,91.94,79.16,7.82929,200.0,21.922012,0.0,0.0,0.0,2017042
COLUMBIA,SC,33.9486,-81.1186,70.4,20170624,75.92,91.04,82.4,8.276678,200.0,25.948504,0.0,0.0,0.16929143,2017062
COLUMBIA,SC,33.9486,-81.1186,70.4,20170830,68.0,84.02,75.02,4.47388,200.0,16.105968,0.0,0.0,0.0,2017083
COLUMBIA,SC,33.9486,-81.1186,70.4,20170912,62.06,78.08,72.32,6.71082,200.0,21.027236,0.0,0.0,0.40157502,2017091
GREER,SC,34.8831,-82.2203,286.5,20170224,48.92,75.92,60.44,3.802798,190.0,16.105968,0.0,0.0,0.0,2017022
GREER,SC,34.8831,-82.2203,286.5,20170428,60.98,82.94,69.26,4.697574,190.0,19.908766,0.0,0.0,0.0,2017042
GREER,SC,34.8831,-82.2203,286.5,20170501,57.92,75.92,69.98,12.526864,190.0,36.90951,0.0,0.0,0.20078751,2017050
GREER,SC,34.8831,-82.2203,286.5,20170519,66.02,87.98,76.64,6.71082,190.0,19.01399,0.0,0.0,0.0,2017051
GREER,SC,34.8831,-82.2203,286.5,20170524,60.98,73.94,66.74,8.052984,190.0,27.96175,0.0,0.0,0.25196864,2017052
GREER,SC,34.8831,-82.2203,286.5,20170612,68.0,87.08,76.82,5.816044,190.0,16.105968,0.0,0.0,0.0,2017061
GREER,SC,34.8831,-82.2203,286.5,20170618,69.98,87.08,77.36,7.381902,190.0,31.093466,0.0,0.0,0.0,2017061
GREER,SC,34.8831,-82.2203,286.5,20170710,66.92,89.96,78.44,3.802798,190.0,21.922012,0.0,0.0,0.0,2017071
GREER,SC,34.8831,-82.2203,286.5,20170808,71.06,82.04,73.76,3.802798,190.0,12.974252,0.0,0.0,0.0393701,2017080
GREER,SC,34.8831,-82.2203,286.5,20170901,66.92,84.92,73.22,9.171454,190.0,35.119958,0.0,0.0,0.35826791,2017090
CHARLESTON INTL AP,SC,32.8986,-80.0403,12.2,20170122,57.92,66.02,61.34,8.276678,190.0,34.001488,0.0,0.0,1.98819005,2017012
CHARLESTON INTL AP,SC,32.8986,-80.0403,12.2,20170217,39.02,73.94,54.14,7.82929,190.0,23.040482,0.0,0.0,0.0,2017021
CHARLESTON INTL AP,SC,32.8986,-80.0403,12.2,20170416,60.08,80.06,69.98,6.71082,190.0,19.908766,0.0,0.0,0.0,2017041
CHARLESTON INTL AP,SC,32.8986,-80.0403,12.2,20170417,55.94,84.02,69.62,6.487126,190.0,19.908766,0.0,0.0,0.0,2017041
CHARLESTON INTL AP,SC,32.8986,-80.0403,12.2,20170426,60.98,84.02,71.42,8.276678,190.0,23.040482,0.0,0.0,0.0,2017042
CHARLESTON INTL AP,SC,32.8986,-80.0403,12.2,20170427,64.04,84.92,72.86,12.079476,190.0,31.093466,0.0,0.0,0.0,2017042
CHARLESTON INTL AP,SC,32.8986,-80.0403,12.2,20170428,71.96,86.0,78.26,11.408394,190.0,25.053728,0.0,0.0,0.0,2017042
CHARLESTON INTL AP,SC,32.8986,-80.0403,12.2,20170429,73.04,86.0,78.08,11.1847,190.0,23.040482,0.0,0.0,0.0,2017042
CHARLESTON INTL AP,SC,32.8986,-80.0403,12.2,20170813,77.0,93.02,83.12,6.039738,190.0,19.01399,0.0,0.0,0.0,2017081
CHARLESTON INTL AP,SC,32.8986,-80.0403,12.2,20170817,80.06,96.08,85.64,5.816044,190.0,19.01399,0.0,0.0,0.0,2017081
COLUMBIA,SC,33.9486,-81.1186,70.4,20170111,46.94,71.96,55.04,4.47388,190.0,18.119214,0.0,0.0,0.0,2017011
COLUMBIA,SC,33.9486,-81.1186,70.4,20170210,28.22,57.92,42.62,4.47388,190.0,19.908766,0.0,0.0,0.0,2017021
COLUMBIA,SC,33.9486,-81.1186,70.4,20170214,35.06,73.94,51.26,4.921268,190.0,23.935258,0.0,0.0,0.0,2017021
COLUMBIA,SC,33.9486,-81.1186,70.4,20170228,53.06,82.04,68.54,3.579104,190.0,19.01399,0.0,0.0,0.0,2017022
COLUMBIA,SC,33.9486,-81.1186,70.4,20170519,66.92,93.02,78.8,3.579104,190.0,16.105968,0.0,0.0,0.0,2017051
COLUMBIA,SC,33.9486,-81.1186,70.4,20170521,73.04,87.98,79.16,8.052984,190.0,25.053728,0.0,0.0,0.53149635,2017052
COLUMBIA,SC,33.9486,-81.1186,70.4,20170531,69.98,87.98,78.26,5.816044,190.0,18.119214,0.0,0.0,0.0,2017053
COLUMBIA,SC,33.9486,-81.1186,70.4,20170610,66.92,89.96,79.34,4.921268,190.0,19.908766,0.0,0.0,0.0,2017061
COLUMBIA,SC,33.9486,-81.1186,70.4,20170722,73.94,96.08,84.56,5.816044,190.0,16.105968,0.0,0.0,0.0,2017072
COLUMBIA,SC,33.9486,-81.1186,70.4,20170726,73.94,87.98,80.06,4.921268,190.0,19.908766,0.0,0.0,0.0,2017072
GREER,SC,34.8831,-82.2203,286.5,20170227,37.04,64.04,49.28,3.802798,180.0,12.974252,0.0,0.0,0.0,2017022
GREER,SC,34.8831,-82.2203,286.5,20170306,42.98,62.96,50.9,3.35541,180.0,14.092722,0.0,0.0,0.05905515,2017030
GREER,SC,34.8831,-82.2203,286.5,20170603,66.92,87.98,76.28,3.579104,180.0,18.119214,0.0,0.0,0.03149608,2017060
GREER,SC,34.8831,-82.2203,286.5,20170611,62.96,84.92,75.02,4.697574,180.0,17.000744,0.0,0.0,0.0,2017061
GREER,SC,34.8831,-82.2203,286.5,20170616,66.92,86.0,76.1,4.697574,180.0,16.105968,0.0,0.0,0.20866153,2017061
GREER,SC,34.8831,-82.2203,286.5,20170712,73.04,91.94,81.68,7.158208,180.0,18.119214,0.0,0.0,0.0,2017071
GREER,SC,34.8831,-82.2203,286.5,20170831,66.92,73.94,69.62,2.908022,180.0,10.961006,0.0,0.0,0.96063044,2017083
CHARLESTON INTL AP,SC,32.8986,-80.0403,12.2,20170112,50.0,77.0,62.78,5.816044,180.0,21.922012,0.0,0.0,0.0,2017011
CHARLESTON INTL AP,SC,32.8986,-80.0403,12.2,20170307,50.0,75.92,63.68,9.842536,180.0,27.96175,0.0,0.0,0.0,2017030
CHARLESTON INTL AP,SC,32.8986,-80.0403,12.2,20170324,46.94,75.02,58.64,8.94776,180.0,23.040482,0.0,0.0,0.0,2017032
CHARLESTON INTL AP,SC,32.8986,-80.0403,12.2,20170329,57.92,84.92,69.62,8.500372,180.0,21.027236,0.0,0.0,0.0,2017032
CHARLESTON INTL AP,SC,32.8986,-80.0403,12.2,20170422,66.02,87.08,74.66,10.737312,180.0,25.053728,0.0,0.0,0.0,2017042
CHARLESTON INTL AP,SC,32.8986,-80.0403,12.2,20170823,75.92,93.02,82.76,8.276678,180.0,19.908766,0.0,0.0,0.0,2017082
CHARLESTON INTL AP,SC,32.8986,-80.0403,12.2,20170831,71.06,89.96,78.98,5.816044,180.0,18.119214,0.0,0.0,0.07086618,2017083
COLUMBIA,SC,33.9486,-81.1186,70.4,20170110,23.18,60.08,37.04,2.908022,180.0,14.987498,0.0,0.0,0.0,2017011
COLUMBIA,SC,33.9486,-81.1186,70.4,20170206,35.96,71.06,50.18,3.579104,180.0,18.119214,0.0,0.0,0.0,2017020
COLUMBIA,SC,33.9486,-81.1186,70.4,20170207,50.0,78.08,62.24,6.487126,180.0,27.066974,0.0,0.0,0.16141741,2017020
COLUMBIA,SC,33.9486,-81.1186,70.4,20170224,48.92,82.04,64.22,3.131716,180.0,17.000744,0.0,0.0,0.0,2017022
COLUMBIA,SC,33.9486,-81.1186,70.4,20170306,48.92,71.96,56.48,3.802798,180.0,21.922012,0.0,0.0,0.0,2017030
COLUMBIA,SC,33.9486,-81.1186,70.4,20170409,39.02,78.08,57.92,3.802798,180.0,14.987498,0.0,0.0,0.0,2017040
COLUMBIA,SC,33.9486,-81.1186,70.4,20170501,66.02,87.08,77.72,11.632088,180.0,31.988242,0.0,0.0,0.16141741,2017050
COLUMBIA,SC,33.9486,-81.1186,70.4,20170623,77.0,95.0,84.02,10.289924,180.0,23.935258,0.0,0.0,0.0,2017062
COLUMBIA,SC,33.9486,-81.1186,70.4,20170712,73.94,95.0,83.48,4.250186,180.0,14.092722,0.0,0.0,0.0,2017071
COLUMBIA,SC,33.9486,-81.1186,70.4,20170713,77.0,96.08,85.82,5.368656,180.0,16.105968,0.0,0.0,0.0,2017071
COLUMBIA,SC,33.9486,-81.1186,70.4,20170719,73.04,93.02,80.24,4.250186,180.0,21.922012,0.0,0.0,0.03149608,2017071
COLUMBIA,SC,33.9486,-81.1186,70.4,20170727,73.94,91.94,81.5,3.579104,180.0,12.974252,0.0,0.0,0.0,2017072
GREER,SC,34.8831,-82.2203,286.5,20170321,50.0,86.0,64.58,4.921268,170.0,36.90951,0.0,0.0,3.90157691,2017032
GREER,SC,34.8831,-82.2203,286.5,20170429,64.94,84.92,73.94,6.039738,170.0,19.908766,0.0,0.0,0.0,2017042
GREER,SC,34.8831,-82.2203,286.5,20170621,66.92,84.02,73.04,5.368656,170.0,14.987498,0.0,0.0,0.09842525,2017062
GREER,SC,34.8831,-82.2203,286.5,20170629,64.94,86.0,74.3,5.368656,170.0,23.040482,0.0,0.0,0.42913409,2017062
CHARLESTON INTL AP,SC,32.8986,-80.0403,12.2,20170327,57.02,80.96,68.18,7.82929,170.0,21.922012,0.0,0.0,0.0,2017032
CHARLESTON INTL AP,SC,32.8986,-80.0403,12.2,20170403,60.98,80.06,69.44,12.750558,170.0,36.014734,0.0,0.0,0.6299216,2017040
CHARLESTON INTL AP,SC,32.8986,-80.0403,12.2,20170421,62.96,86.0,73.22,8.500372,170.0,23.040482,0.0,0.0,0.0,2017042
CHARLESTON INTL AP,SC,32.8986,-80.0403,12.2,20170430,71.96,84.92,77.18,14.092722,170.0,29.08022,0.0,0.0,0.0,2017043
CHARLESTON INTL AP,SC,32.8986,-80.0403,12.2,20170811,73.04,87.98,80.24,8.500372,170.0,23.040482,0.0,0.0,0.01968505,2017081
COLUMBIA,SC,33.9486,-81.1186,70.4,20170411,53.96,84.02,69.62,4.026492,170.0,14.987498,0.0,0.0,0.0,2017041
COLUMBIA,SC,33.9486,-81.1186,70.4,20170518,66.92,89.96,78.44,6.263432,170.0,18.119214,0.0,0.0,0.0,2017051
COLUMBIA,SC,33.9486,-81.1186,70.4,20170618,73.04,93.92,82.4,7.381902,170.0,25.053728,0.0,0.0,0.0,2017061
COLUMBIA,SC,33.9486,-81.1186,70.4,20170821,75.92,93.92,85.1,4.026492,170.0,19.908766,0.0,0.0,0.0,2017082
COLUMBIA,SC,33.9486,-81.1186,70.4,20170901,73.04,93.92,79.52,9.171454,170.0,29.974996,0.0,0.0,0.0,2017090
GREER,SC,34.8831,-82.2203,286.5,20170326,53.06,71.06,60.98,5.816044,160.0,19.01399,0.0,0.0,0.24015761,2017032
GREER,SC,34.8831,-82.2203,286.5,20170329,51.98,80.96,67.64,4.921268,160.0,19.01399,0.0,0.0,0.0,2017032
GREER,SC,34.8831,-82.2203,286.5,20170330,60.08,64.94,63.32,7.605596,160.0,27.066974,0.0,0.0,0.5905515,2017033
GREER,SC,34.8831,-82.2203,286.5,20170802,69.08,84.92,75.74,2.23694,160.0,12.079476,0.0,0.0,0.0,2017080
GREER,SC,34.8831,-82.2203,286.5,20170915,60.08,84.02,70.16,1.342164,160.0,12.079476,0.0,0.0,0.0,2017091
CHARLESTON INTL AP,SC,32.8986,-80.0403,12.2,20170111,44.96,73.94,57.92,5.816044,160.0,19.908766,0.0,0.0,0.0,2017011
CHARLESTON INTL AP,SC,32.8986,-80.0403,12.2,20170228,60.98,78.08,68.54,7.605596,160.0,23.040482,0.0,0.0,0.0,2017022
CHARLESTON INTL AP,SC,32.8986,-80.0403,12.2,20170413,55.94,82.04,68.9,4.47388,160.0,18.119214,0.0,0.0,0.0,2017041
CHARLESTON INTL AP,SC,32.8986,-80.0403,12.2,20170424,59.0,78.98,71.96,8.052984,160.0,33.106712,0.0,0.0,1.81889862,2017042
CHARLESTON INTL AP,SC,32.8986,-80.0403,12.2,20170814,78.08,89.96,82.04,4.697574,160.0,16.105968,0.0,0.0,0.01181103,2017081
COLUMBIA,SC,33.9486,-81.1186,70.4,20170227,33.08,71.96,50.36,4.697574,160.0,21.027236,0.0,0.0,0.0,2017022
COLUMBIA,SC,33.9486,-81.1186,70.4,20170326,55.04,80.96,66.38,7.381902,160.0,25.053728,0.0,0.0,0.01181103,2017032
COLUMBIA,SC,33.9486,-81.1186,70.4,20170410,46.94,80.96,64.94,3.802798,160.0,21.922012,0.0,0.0,0.0,2017041
COLUMBIA,SC,33.9486,-81.1186,70.4,20170517,64.94,91.94,79.7,8.052984,160.0,19.908766,0.0,0.0,0.0,2017051
COLUMBIA,SC,33.9486,-81.1186,70.4,20170612,66.02,89.06,78.08,2.684328,160.0,14.092722,0.0,0.0,0.0,2017061
COLUMBIA,SC,33.9486,-81.1186,70.4,20170814,75.02,93.02,82.58,4.921268,160.0,21.922012,0.0,0.0,0.0,2017081
COLUMBIA,SC,33.9486,-81.1186,70.4,20170913,57.92,86.0,70.52,5.59235,160.0,21.027236,0.0,0.0,0.0,2017091
GREER,SC,34.8831,-82.2203,286.5,20170324,48.02,71.06,55.22,4.026492,150.0,19.01399,0.0,0.0,0.0,2017032
GREER,SC,34.8831,-82.2203,286.5,20170325,51.08,71.96,61.16,6.71082,150.0,23.040482,0.0,0.0,0.0,2017032
GREER,SC,34.8831,-82.2203,286.5,20170520,66.02,87.08,75.92,5.816044,150.0,18.119214,0.0,0.0,0.0,2017052
GREER,SC,34.8831,-82.2203,286.5,20170620,68.0,80.96,75.56,5.816044,150.0,16.105968,0.0,0.0,0.29133874,2017062
GREER,SC,34.8831,-82.2203,286.5,20170628,57.92,82.94,70.88,5.368656,150.0,14.987498,0.0,0.0,0.0,2017062
GREER,SC,34.8831,-82.2203,286.5,20170725,71.96,91.04,81.5,2.460634,150.0,12.079476,0.0,0.0,0.0,2017072
GREER,SC,34.8831,-82.2203,286.5,20170803,66.92,86.0,76.28,4.250186,150.0,14.987498,0.0,0.0,0.0,2017080
CHARLESTON INTL AP,SC,32.8986,-80.0403,12.2,20170220,46.94,77.0,60.26,4.697574,150.0,16.105968,0.0,0.0,0.0,2017022
CHARLESTON INTL AP,SC,32.8986,-80.0403,12.2,20170309,44.06,77.0,62.24,4.921268,150.0,21.027236,0.0,0.0,0.0,2017030
CHARLESTON INTL AP,SC,32.8986,-80.0403,12.2,20170326,53.96,80.06,66.74,7.82929,150.0,27.066974,0.0,0.0,0.0,2017032
CHARLESTON INTL AP,SC,32.8986,-80.0403,12.2,20170412,53.96,80.96,67.1,3.35541,150.0,19.01399,0.0,0.0,0.0,2017041
CHARLESTON INTL AP,SC,32.8986,-80.0403,12.2,20170415,57.92,82.04,69.8,6.487126,150.0,21.027236,0.0,0.0,0.0,2017041
CHARLESTON INTL AP,SC,32.8986,-80.0403,12.2,20170423,69.98,84.02,74.84,12.750558,150.0,25.948504,0.0,0.0,0.0,2017042
CHARLESTON INTL AP,SC,32.8986,-80.0403,12.2,20170802,66.92,89.06,77.72,5.816044,150.0,17.000744,0.0,0.0,0.0,2017080
COLUMBIA,SC,33.9486,-81.1186,70.4,20170413,57.02,82.94,70.88,3.131716,150.0,18.119214,0.0,0.0,0.0,2017041
COLUMBIA,SC,33.9486,-81.1186,70.4,20170429,71.06,89.96,80.78,8.052984,150.0,19.908766,0.0,0.0,0.0,2017042
COLUMBIA,SC,33.9486,-81.1186,70.4,20170430,71.96,89.06,78.98,9.842536,150.0,25.053728,0.0,0.0,0.01968505,2017043
COLUMBIA,SC,33.9486,-81.1186,70.4,20170604,71.06,91.94,81.32,6.934514,150.0,21.027236,0.0,0.0,0.0,2017060
COLUMBIA,SC,33.9486,-81.1186,70.4,20170611,66.92,91.04,79.34,3.35541,150.0,18.119214,0.0,0.0,0.0,2017061
COLUMBIA,SC,33.9486,-81.1186,70.4,20170621,71.96,84.92,75.74,2.908022,150.0,17.000744,0.0,0.0,0.29133874,2017062
COLUMBIA,SC,33.9486,-81.1186,70.4,20170725,73.94,96.08,82.94,3.802798,150.0,25.948504,0.0,0.0,0.07086618,2017072
COLUMBIA,SC,33.9486,-81.1186,70.4,20170802,64.04,89.96,77.54,2.684328,150.0,12.974252,0.0,0.0,0.0,2017080
COLUMBIA,SC,33.9486,-81.1186,70.4,20170806,71.96,93.02,80.06,3.35541,150.0,29.08022,0.0,0.0,0.0787402,2017080
COLUMBIA,SC,33.9486,-81.1186,70.4,20170820,73.04,96.08,85.64,4.697574,150.0,17.000744,0.0,0.0,0.0,2017082
COLUMBIA,SC,33.9486,-81.1186,70.4,20170825,75.92,89.06,80.96,5.816044,150.0,18.119214,0.0,0.0,0.0,2017082
GREER,SC,34.8831,-82.2203,286.5,20170206,32.0,69.08,49.64,4.921268,140.0,23.935258,0.0,0.0,0.0,2017020
CHARLESTON INTL AP,SC,32.8986,-80.0403,12.2,20170110,28.22,60.98,41.18,4.697574,140.0,16.105968,0.0,0.0,0.0,2017011
CHARLESTON INTL AP,SC,32.8986,-80.0403,12.2,20170206,39.02,68.0,52.7,4.250186,140.0,14.092722,0.0,0.0,0.0,2017020
CHARLESTON INTL AP,SC,32.8986,-80.0403,12.2,20170305,35.96,66.02,49.82,5.144962,140.0,23.040482,0.0,0.0,0.0,2017030
CHARLESTON INTL AP,SC,32.8986,-80.0403,12.2,20170306,48.02,69.08,57.2,6.487126,140.0,19.908766,0.0,0.0,0.0,2017030
CHARLESTON INTL AP,SC,32.8986,-80.0403,12.2,20170317,28.22,64.94,46.4,6.263432,140.0,29.08022,0.0,0.0,0.0,2017031
CHARLESTON INTL AP,SC,32.8986,-80.0403,12.2,20170325,53.96,75.92,65.12,7.158208,140.0,27.066974,0.0,0.0,0.0,2017032
CHARLESTON INTL AP,SC,32.8986,-80.0403,12.2,20170411,53.06,78.98,66.2,6.039738,140.0,21.027236,0.0,0.0,0.0,2017041
CHARLESTON INTL AP,SC,32.8986,-80.0403,12.2,20170414,57.92,82.04,69.26,5.816044,140.0,21.922012,0.0,0.0,0.0,2017041
CHARLESTON INTL AP,SC,32.8986,-80.0403,12.2,20170419,62.96,82.04,70.52,4.697574,140.0,18.119214,0.0,0.0,0.50000027,2017041
CHARLESTON INTL AP,SC,32.8986,-80.0403,12.2,20170913,64.94,84.02,73.4,6.487126,140.0,21.027236,0.0,0.0,0.0,2017091
COLUMBIA,SC,33.9486,-81.1186,70.4,20170403,62.06,77.0,68.0,10.513618,140.0,44.067718,0.0,0.0,0.68110273,2017040
COLUMBIA,SC,33.9486,-81.1186,70.4,20170427,60.98,82.94,73.04,7.158208,140.0,21.922012,0.0,0.0,0.0,2017042
COLUMBIA,SC,33.9486,-81.1186,70.4,20170504,60.98,82.04,72.14,10.513618,140.0,29.08022,0.0,0.0,0.44881914,2017050
COLUMBIA,SC,33.9486,-81.1186,70.4,20170616,71.06,87.08,75.56,2.684328,140.0,21.922012,0.0,0.0,0.07086618,2017061
COLUMBIA,SC,33.9486,-81.1186,70.4,20170628,66.02,87.98,79.52,6.039738,140.0,19.01399,0.0,0.0,0.0,2017062
COLUMBIA,SC,33.9486,-81.1186,70.4,20170629,64.04,89.96,78.44,5.816044,140.0,23.040482,0.0,0.0,0.0,2017062
COLUMBIA,SC,33.9486,-81.1186,70.4,20170822,73.04,93.92,82.76,3.802798,140.0,14.092722,0.0,0.0,0.0,2017082
GREER,SC,34.8831,-82.2203,286.5,20170412,57.02,80.06,67.64,5.368656,130.0,19.01399,0.0,0.0,0.0,2017041
GREER,SC,34.8831,-82.2203,286.5,20170503,53.06,80.96,67.1,4.921268,130.0,21.922012,0.0,0.0,0.0,2017050
GREER,SC,34.8831,-82.2203,286.5,20170716,68.0,89.06,78.08,4.697574,130.0,23.935258,0.0,0.0,0.5511814,2017071
CHARLESTON INTL AP,SC,32.8986,-80.0403,12.2,20170224,55.04,80.96,66.74,6.71082,130.0,18.119214,0.0,0.0,0.0,2017022
CHARLESTON INTL AP,SC,32.8986,-80.0403,12.2,20170402,53.06,75.92,63.86,10.06623,130.0,23.040482,0.0,0.0,0.0,2017040
CHARLESTON INTL AP,SC,32.8986,-80.0403,12.2,20170410,50.0,78.08,63.68,6.487126,130.0,23.040482,0.0,0.0,0.0,2017041
CHARLESTON INTL AP,SC,32.8986,-80.0403,12.2,20170824,73.04,93.02,82.58,6.487126,130.0,29.974996,0.0,0.0,0.57874047,2017082
COLUMBIA,SC,33.9486,-81.1186,70.4,20170402,53.96,80.96,65.84,8.052984,130.0,21.027236,0.0,0.0,0.0,2017040
COLUMBIA,SC,33.9486,-81.1186,70.4,20170414,59.0,84.02,71.06,2.908022,130.0,17.000744,0.0,0.0,0.0,2017041
COLUMBIA,SC,33.9486,-81.1186,70.4,20170617,71.96,89.96,78.98,4.921268,130.0,17.000744,0.0,0.0,0.0,2017061
COLUMBIA,SC,33.9486,-81.1186,70.4,20170715,73.04,98.06,86.54,6.71082,130.0,33.106712,0.0,0.0,0.57874047,2017071
COLUMBIA,SC,33.9486,-81.1186,70.4,20170717,71.96,86.0,76.82,4.921268,130.0,21.027236,0.0,0.0,0.0,2017071
GREER,SC,34.8831,-82.2203,286.5,20170220,41.0,73.04,58.1,2.013246,120.0,14.092722,0.0,0.0,0.0,2017022
GREER,SC,34.8831,-82.2203,286.5,20170223,51.98,75.92,60.98,2.684328,120.0,12.079476,0.0,0.0,0.0,2017022
CHARLESTON INTL AP,SC,32.8986,-80.0403,12.2,20170105,42.98,64.94,55.58,6.487126,120.0,19.908766,0.0,0.0,0.0,2017010
CHARLESTON INTL AP,SC,32.8986,-80.0403,12.2,20170223,59.0,78.98,66.56,10.513618,120.0,27.066974,0.0,0.0,0.0,2017022
CHARLESTON INTL AP,SC,32.8986,-80.0403,12.2,20170820,78.08,93.92,83.48,4.026492,120.0,21.027236,0.0,0.0,0.0393701,2017082
CHARLESTON INTL AP,SC,32.8986,-80.0403,12.2,20170830,66.92,80.96,73.58,4.250186,120.0,12.974252,0.0,0.0,0.0,2017083
COLUMBIA,SC,33.9486,-81.1186,70.4,20170121,55.94,66.92,62.24,5.144962,120.0,34.001488,0.0,0.0,0.57086645,2017012
COLUMBIA,SC,33.9486,-81.1186,70.4,20170803,73.04,86.0,79.52,3.131716,120.0,16.105968,0.0,0.0,0.0,2017080
GREER,SC,34.8831,-82.2203,286.5,20170122,53.96,60.08,55.94,7.381902,110.0,25.948504,0.0,0.0,0.53937037,2017012
GREER,SC,34.8831,-82.2203,286.5,20170718,66.02,91.04,77.18,2.908022,110.0,19.908766,0.0,0.0,0.0,2017071
CHARLESTON INTL AP,SC,32.8986,-80.0403,12.2,20170221,50.0,71.06,60.62,8.500372,110.0,25.948504,0.0,0.0,0.0,2017022
CHARLESTON INTL AP,SC,32.8986,-80.0403,12.2,20170222,57.92,75.92,65.12,10.737312,110.0,31.093466,0.0,0.0,0.0,2017022
CHARLESTON INTL AP,SC,32.8986,-80.0403,12.2,20170330,64.94,75.92,68.54,11.1847,110.0,29.08022,0.0,0.0,0.05118113,2017033
CHARLESTON INTL AP,SC,32.8986,-80.0403,12.2,20170418,62.96,86.0,70.34,5.59235,110.0,40.936002,0.0,0.0,0.81102406,2017041
CHARLESTON INTL AP,SC,32.8986,-80.0403,12.2,20170809,73.04,82.04,76.82,5.816044,110.0,18.119214,0.0,0.0,0.55905542,2017080
COLUMBIA,SC,33.9486,-81.1186,70.4,20170105,32.0,60.08,48.56,3.131716,110.0,16.105968,0.0,0.0,0.0,2017010
COLUMBIA,SC,33.9486,-81.1186,70.4,20170221,48.92,71.06,58.82,6.039738,110.0,18.119214,0.0,0.0,0.0,2017022
COLUMBIA,SC,33.9486,-81.1186,70.4,20170222,57.92,75.02,65.3,6.934514,110.0,17.000744,0.0,0.0,0.0,2017022
COLUMBIA,SC,33.9486,-81.1186,70.4,20170329,51.98,84.02,69.8,4.250186,110.0,17.000744,0.0,0.0,0.0,2017032
COLUMBIA,SC,33.9486,-81.1186,70.4,20170520,71.96,93.02,80.24,6.039738,110.0,19.01399,0.0,0.0,0.0,2017052
COLUMBIA,SC,33.9486,-81.1186,70.4,20170613,71.06,89.96,79.52,4.026492,110.0,18.119214,0.0,0.0,0.0,2017061
COLUMBIA,SC,33.9486,-81.1186,70.4,20170622,75.02,87.98,79.88,3.802798,110.0,16.105968,0.0,0.0,0.0,2017062
COLUMBIA,SC,33.9486,-81.1186,70.4,20170811,73.94,91.04,80.42,4.47388,110.0,14.092722,0.0,0.0,0.0,2017081
GREER,SC,34.8831,-82.2203,286.5,20170221,48.02,69.08,57.38,5.59235,100.0,16.105968,0.0,0.0,0.01181103,2017022
GREER,SC,34.8831,-82.2203,286.5,20170504,60.08,71.96,66.38,8.500372,100.0,29.08022,0.0,0.0,0.31102379,2017050
CHARLESTON INTL AP,SC,32.8986,-80.0403,12.2,20170119,48.02,71.96,61.88,4.921268,100.0,19.908766,0.0,0.0,0.0,2017011
CHARLESTON INTL AP,SC,32.8986,-80.0403,12.2,20170227,39.92,75.02,56.66,8.052984,100.0,23.935258,0.0,0.0,0.0,2017022
CHARLESTON INTL AP,SC,32.8986,-80.0403,12.2,20170409,42.08,73.94,58.46,4.47388,100.0,23.040482,0.0,0.0,0.0,2017040
CHARLESTON INTL AP,SC,32.8986,-80.0403,12.2,20170803,71.06,84.92,78.08,6.487126,100.0,21.027236,0.0,0.0,1.79921357,2017080
COLUMBIA,SC,33.9486,-81.1186,70.4,20170122,60.08,66.92,62.78,8.500372,100.0,29.08022,0.0,0.0,1.81889862,2017012
COLUMBIA,SC,33.9486,-81.1186,70.4,20170307,48.92,77.0,62.24,9.618842,100.0,31.988242,0.0,0.0,0.01181103,2017030
COLUMBIA,SC,33.9486,-81.1186,70.4,20170419,64.94,80.96,71.42,5.59235,100.0,14.987498,0.0,0.0,0.0,2017041
COLUMBIA,SC,33.9486,-81.1186,70.4,20170810,73.04,89.06,77.9,4.47388,100.0,12.974252,0.0,0.0,0.0,2017081
COLUMBIA,SC,33.9486,-81.1186,70.4,20170819,75.92,96.98,86.0,4.250186,100.0,31.093466,0.0,0.0,0.01968505,2017081
GREER,SC,34.8831,-82.2203,286.5,20170323,39.92,60.98,50.36,6.934514,90.0,25.053728,0.0,0.0,0.0,2017032
GREER,SC,34.8831,-82.2203,286.5,20170811,69.98,82.94,74.84,3.802798,90.0,14.987498,0.0,0.0,1.14960692,2017081
CHARLESTON INTL AP,SC,32.8986,-80.0403,12.2,20170323,46.04,64.94,56.48,12.750558,90.0,25.948504,0.0,0.0,0.0,2017032
CHARLESTON INTL AP,SC,32.8986,-80.0403,12.2,20170825,73.04,87.98,77.72,6.71082,90.0,21.027236,0.0,0.0,0.38188997,2017082
COLUMBIA,SC,33.9486,-81.1186,70.4,20170119,42.08,69.98,56.66,3.35541,90.0,14.092722,0.0,0.0,0.0,2017011
COLUMBIA,SC,33.9486,-81.1186,70.4,20170809,73.04,80.96,75.38,5.368656,90.0,16.105968,0.0,0.0,0.81102406,2017080
COLUMBIA,SC,33.9486,-81.1186,70.4,20170827,71.96,89.96,81.14,10.961006,90.0,29.08022,0.0,0.0,0.0,2017082
GREER,SC,34.8831,-82.2203,286.5,20170116,53.06,57.92,57.02,5.59235,80.0,12.079476,0.0,0.0,0.0,2017011
GREER,SC,34.8831,-82.2203,286.5,20170119,42.08,64.04,53.24,3.131716,80.0,14.092722,0.0,0.0,0.0,2017011
GREER,SC,34.8831,-82.2203,286.5,20170121,53.06,55.94,54.86,5.816044,80.0,31.093466,0.0,0.0,1.05905569,2017012
GREER,SC,34.8831,-82.2203,286.5,20170402,48.02,75.02,61.88,6.934514,80.0,23.040482,0.0,0.0,0.0,2017040
GREER,SC,34.8831,-82.2203,286.5,20170513,55.94,73.04,61.7,4.250186,80.0,12.079476,0.0,0.0,0.0,2017051
GREER,SC,34.8831,-82.2203,286.5,20170607,60.98,77.0,69.62,7.605596,80.0,23.040482,0.0,0.0,0.0,2017060
GREER,SC,34.8831,-82.2203,286.5,20170608,60.08,77.0,66.56,6.71082,80.0,23.040482,0.0,0.0,0.0,2017060
GREER,SC,34.8831,-82.2203,286.5,20170917,64.94,87.08,73.76,2.684328,80.0,12.974252,0.0,0.0,0.0,2017091
CHARLESTON INTL AP,SC,32.8986,-80.0403,12.2,20170114,48.92,73.04,60.26,3.579104,80.0,19.908766,0.0,0.0,0.0,2017011
CHARLESTON INTL AP,SC,32.8986,-80.0403,12.2,20170911,62.96,78.08,68.72,22.816788,80.0,59.949992,0.0,0.0,5.511814,2017091
COLUMBIA,SC,33.9486,-81.1186,70.4,20170106,39.92,48.92,45.86,4.026492,80.0,18.119214,0.0,0.0,1.16141795,2017010
COLUMBIA,SC,33.9486,-81.1186,70.4,20170109,22.1,42.08,30.02,2.908022,80.0,14.092722,0.0,0.0,0.0,2017010
COLUMBIA,SC,33.9486,-81.1186,70.4,20170114,50.0,69.08,58.82,2.684328,80.0,14.987498,0.0,0.0,0.0,2017011
COLUMBIA,SC,33.9486,-81.1186,70.4,20170223,53.96,78.08,67.28,4.026492,80.0,17.000744,0.0,0.0,0.0,2017022
COLUMBIA,SC,33.9486,-81.1186,70.4,20170418,64.04,80.96,73.22,6.263432,80.0,19.01399,0.0,0.0,0.01181103,2017041
COLUMBIA,SC,33.9486,-81.1186,70.4,20170908,55.04,84.02,69.44,4.250186,80.0,17.000744,0.0,0.0,0.0,2017090
GREER,SC,34.8831,-82.2203,286.5,20170419,55.94,66.02,60.44,5.368656,70.0,14.987498,0.0,0.0,0.85039416,2017041
GREER,SC,34.8831,-82.2203,286.5,20170719,69.08,93.02,79.88,2.013246,70.0,12.974252,0.0,0.0,0.0,2017071
GREER,SC,34.8831,-82.2203,286.5,20170810,69.98,82.04,74.12,3.131716,70.0,12.079476,0.0,0.0,0.0,2017081
GREER,SC,34.8831,-82.2203,286.5,20170813,71.06,87.08,78.62,3.131716,70.0,14.092722,0.0,0.0,0.0,2017081
CHARLESTON INTL AP,SC,32.8986,-80.0403,12.2,20170210,33.08,53.96,44.96,7.158208,70.0,19.908766,0.0,0.0,0.0,2017021
CHARLESTON INTL AP,SC,32.8986,-80.0403,12.2,20170826,73.94,89.06,80.06,10.513618,70.0,27.96175,0.0,0.0,0.0,2017082
COLUMBIA,SC,33.9486,-81.1186,70.4,20170101,42.98,55.94,48.56,3.131716,70.0,10.06623,0.0,0.0,0.40157502,2017010
COLUMBIA,SC,33.9486,-81.1186,70.4,20170311,41.0,62.06,53.42,4.921268,70.0,16.105968,0.0,0.0,0.0,2017031
COLUMBIA,SC,33.9486,-81.1186,70.4,20170323,44.96,64.04,55.04,8.724066,70.0,23.040482,0.0,0.0,0.0,2017032
COLUMBIA,SC,33.9486,-81.1186,70.4,20170607,68.0,77.0,73.94,8.276678,70.0,21.027236,0.0,0.0,0.0,2017060
COLUMBIA,SC,33.9486,-81.1186,70.4,20170709,73.04,93.02,81.68,4.697574,70.0,16.105968,0.0,0.0,0.0,2017070
COLUMBIA,SC,33.9486,-81.1186,70.4,20170826,73.04,91.94,81.68,8.276678,70.0,21.922012,0.0,0.0,0.0,2017082
GREER,SC,34.8831,-82.2203,286.5,20170103,48.02,59.0,51.08,7.381902,60.0,23.040482,0.0,0.0,0.44881914,2017010
GREER,SC,34.8831,-82.2203,286.5,20170606,64.94,82.94,74.48,3.35541,60.0,21.922012,0.0,0.0,0.14960638,2017060
GREER,SC,34.8831,-82.2203,286.5,20170709,64.04,87.08,74.3,2.23694,60.0,14.092722,0.0,0.0,0.0,2017070
GREER,SC,34.8831,-82.2203,286.5,20170826,69.08,87.08,76.28,6.934514,60.0,17.000744,0.0,0.0,0.0,2017082
GREER,SC,34.8831,-82.2203,286.5,20170911,57.02,62.06,58.82,19.461378,60.0,44.067718,0.0,0.0,1.83858367,2017091
CHARLESTON INTL AP,SC,32.8986,-80.0403,12.2,20170827,73.04,84.92,78.26,14.092722,60.0,35.119958,0.0,0.0,0.0,2017082
COLUMBIA,SC,33.9486,-81.1186,70.4,20170116,53.96,59.0,57.74,5.368656,60.0,12.079476,0.0,0.0,0.0,2017011
COLUMBIA,SC,33.9486,-81.1186,70.4,20170220,39.92,75.92,57.56,2.23694,60.0,12.974252,0.0,0.0,0.0,2017022
COLUMBIA,SC,33.9486,-81.1186,70.4,20170720,71.96,96.98,82.4,3.802798,60.0,16.105968,0.0,0.0,0.0,2017072
COLUMBIA,SC,33.9486,-81.1186,70.4,20170824,73.94,93.02,82.94,6.487126,60.0,18.119214,0.0,0.0,0.0,2017082
COLUMBIA,SC,33.9486,-81.1186,70.4,20170909,62.06,84.92,73.22,9.395148,60.0,27.96175,0.0,0.0,0.0,2017090
GREER,SC,34.8831,-82.2203,286.5,20170303,33.08,57.92,45.68,6.263432,50.0,19.908766,0.0,0.0,0.0,2017030
GREER,SC,34.8831,-82.2203,286.5,20170312,31.1,44.06,38.48,5.368656,50.0,17.000744,0.5118113,0.0,0.40157502,2017031
GREER,SC,34.8831,-82.2203,286.5,20170731,64.04,87.08,74.48,4.697574,50.0,25.948504,0.0,0.0,0.0,2017073
GREER,SC,34.8831,-82.2203,286.5,20170820,69.08,91.94,79.88,3.35541,50.0,16.105968,0.0,0.0,0.0,2017082
GREER,SC,34.8831,-82.2203,286.5,20170827,69.08,84.02,76.28,8.276678,50.0,23.040482,0.0,0.0,0.0,2017082
GREER,SC,34.8831,-82.2203,286.5,20170828,62.96,78.08,71.24,12.079476,50.0,29.08022,0.0,0.0,0.0,2017082
GREER,SC,34.8831,-82.2203,286.5,20170912,59.0,71.06,64.58,9.618842,50.0,33.106712,0.0,0.0,0.57874047,2017091
CHARLESTON INTL AP,SC,32.8986,-80.0403,12.2,20170304,37.94,60.98,49.28,6.71082,50.0,21.922012,0.0,0.0,0.0,2017030
CHARLESTON INTL AP,SC,32.8986,-80.0403,12.2,20170801,66.02,87.98,76.28,7.158208,50.0,19.908766,0.0,0.0,0.0,2017080
CHARLESTON INTL AP,SC,32.8986,-80.0403,12.2,20170907,64.04,80.96,72.5,6.039738,50.0,18.119214,0.0,0.0,0.0,2017090
COLUMBIA,SC,33.9486,-81.1186,70.4,20170304,29.12,62.06,47.12,2.23694,50.0,16.105968,0.0,0.0,0.0,2017030
COLUMBIA,SC,33.9486,-81.1186,70.4,20170627,66.92,87.98,77.54,4.697574,50.0,14.987498,0.0,0.0,0.0,2017062
COLUMBIA,SC,33.9486,-81.1186,70.4,20170730,71.06,87.98,80.42,7.381902,50.0,23.040482,0.0,0.0,0.0,2017073
COLUMBIA,SC,33.9486,-81.1186,70.4,20170801,60.98,89.96,75.92,3.802798,50.0,19.01399,0.0,0.0,0.0,2017080
GREER,SC,34.8831,-82.2203,286.5,20170114,48.92,62.06,59.72,5.144962,40.0,17.000744,0.0,0.0,0.0,2017011
GREER,SC,34.8831,-82.2203,286.5,20170313,28.22,44.06,35.24,8.052984,40.0,21.027236,0.0,0.0,0.18110246,2017031
GREER,SC,34.8831,-82.2203,286.5,20170413,57.92,82.04,69.62,5.368656,40.0,19.908766,0.0,0.0,0.0,2017041
GREER,SC,34.8831,-82.2203,286.5,20170723,71.06,95.0,82.22,5.816044,40.0,25.948504,0.0,0.0,0.35039389,2017072
GREER,SC,34.8831,-82.2203,286.5,20170726,75.02,84.92,79.16,5.59235,40.0,21.922012,0.0,0.0,0.0,2017072
GREER,SC,34.8831,-82.2203,286.5,20170730,64.94,84.92,75.2,6.039738,40.0,19.908766,0.0,0.0,0.0,2017073
GREER,SC,34.8831,-82.2203,286.5,20170801,62.96,87.98,75.38,2.684328,40.0,14.092722,0.0,0.0,0.0,2017080
GREER,SC,34.8831,-82.2203,286.5,20170908,53.96,77.0,64.94,4.697574,40.0,17.000744,0.0,0.0,0.0,2017090
CHARLESTON INTL AP,SC,32.8986,-80.0403,12.2,20170312,39.02,53.06,47.84,12.30317,40.0,29.974996,0.0,0.0,0.0,2017031
CHARLESTON INTL AP,SC,32.8986,-80.0403,12.2,20170408,42.98,69.98,56.84,6.487126,40.0,18.119214,0.0,0.0,0.0,2017040
CHARLESTON INTL AP,SC,32.8986,-80.0403,12.2,20170828,69.98,75.92,73.94,15.434886,40.0,31.093466,0.0,0.0,1.64960719,2017082
CHARLESTON INTL AP,SC,32.8986,-80.0403,12.2,20170908,60.08,82.04,71.06,8.276678,40.0,21.027236,0.0,0.0,0.0,2017090
CHARLESTON INTL AP,SC,32.8986,-80.0403,12.2,20170909,64.04,80.96,71.06,14.092722,40.0,27.96175,0.0,0.0,0.0,2017090
COLUMBIA,SC,33.9486,-81.1186,70.4,20170424,57.92,64.04,61.88,7.605596,40.0,21.027236,0.0,0.0,0.79133901,2017042
COLUMBIA,SC,33.9486,-81.1186,70.4,20170608,62.06,82.94,71.06,6.934514,40.0,25.053728,0.0,0.0,0.0,2017060
COLUMBIA,SC,33.9486,-81.1186,70.4,20170911,60.98,73.04,64.94,18.566602,40.0,51.002232,0.0,0.0,3.38189159,2017091
GREER,SC,34.8831,-82.2203,286.5,20170106,32.0,42.98,39.92,5.368656,30.0,17.000744,1.181103,0.0,0.33070884,2017010
GREER,SC,34.8831,-82.2203,286.5,20170305,33.98,62.96,47.48,6.039738,30.0,19.908766,0.0,0.0,0.0,2017030
GREER,SC,34.8831,-82.2203,286.5,20170602,64.94,86.0,75.38,2.460634,30.0,12.974252,0.0,0.0,0.0,2017060
GREER,SC,34.8831,-82.2203,286.5,20170703,69.08,89.06,75.56,3.802798,30.0,21.027236,0.0,0.0,1.75196945,2017070
GREER,SC,34.8831,-82.2203,286.5,20170809,68.0,78.98,72.32,6.263432,30.0,17.000744,0.0,0.0,0.0,2017080
GREER,SC,34.8831,-82.2203,286.5,20170909,57.92,77.0,66.56,8.276678,30.0,23.040482,0.0,0.0,0.0,2017090
CHARLESTON INTL AP,SC,32.8986,-80.0403,12.2,20170116,53.06,64.04,59.54,5.144962,30.0,12.079476,0.0,0.0,0.0,2017011
CHARLESTON INTL AP,SC,32.8986,-80.0403,12.2,20170313,37.94,55.94,44.78,9.842536,30.0,19.908766,0.0,0.0,0.29133874,2017031
CHARLESTON INTL AP,SC,32.8986,-80.0403,12.2,20170810,73.04,86.0,77.54,4.697574,30.0,18.119214,0.0,0.0,1.07086672,2017081
CHARLESTON INTL AP,SC,32.8986,-80.0403,12.2,20170916,69.08,89.06,77.72,5.59235,30.0,17.000744,0.0,0.0,0.0,2017091
GREER,SC,34.8831,-82.2203,286.5,20170101,39.02,48.02,42.8,4.697574,20.0,14.092722,0.0,0.0,0.29133874,2017010
GREER,SC,34.8831,-82.2203,286.5,20170102,46.94,53.96,49.28,8.052984,20.0,18.119214,0.0,0.0,1.09842579,2017010
GREER,SC,34.8831,-82.2203,286.5,20170105,28.22,48.92,39.92,2.23694,20.0,8.94776,0.0,0.0,0.0,2017010
GREER,SC,34.8831,-82.2203,286.5,20170202,46.94,66.92,55.94,4.250186,20.0,14.987498,0.0,0.0,0.0,2017020
GREER,SC,34.8831,-82.2203,286.5,20170204,26.24,46.04,35.96,5.816044,20.0,21.027236,0.0,0.0,0.0,2017020
GREER,SC,34.8831,-82.2203,286.5,20170222,51.08,62.96,57.02,7.605596,20.0,16.105968,0.0,0.0,0.16141741,2017022
GREER,SC,34.8831,-82.2203,286.5,20170418,62.06,66.92,64.04,8.052984,20.0,21.027236,0.0,0.0,0.0,2017041
GREER,SC,34.8831,-82.2203,286.5,20170424,48.92,55.94,51.26,11.632088,20.0,31.988242,0.0,0.0,1.64173317,2017042
GREER,SC,34.8831,-82.2203,286.5,20170512,57.92,69.98,67.46,7.605596,20.0,21.922012,0.0,0.0,0.5118113,2017051
GREER,SC,34.8831,-82.2203,286.5,20170825,69.08,84.92,75.92,6.934514,20.0,23.040482,0.0,0.0,0.0,2017082
GREER,SC,34.8831,-82.2203,286.5,20170829,64.94,80.06,70.34,8.276678,20.0,23.935258,0.0,0.0,0.0,2017082
CHARLESTON INTL AP,SC,32.8986,-80.0403,12.2,20170109,25.16,46.94,33.26,7.381902,20.0,19.01399,0.0,0.0,0.0,2017010
CHARLESTON INTL AP,SC,32.8986,-80.0403,12.2,20170203,48.92,71.96,60.44,8.724066,20.0,25.053728,0.0,0.0,0.0,2017020
CHARLESTON INTL AP,SC,32.8986,-80.0403,12.2,20170204,35.96,51.08,45.68,11.408394,20.0,33.106712,0.0,0.0,0.0,2017020
CHARLESTON INTL AP,SC,32.8986,-80.0403,12.2,20170821,73.94,89.96,81.32,4.47388,20.0,23.040482,0.0,0.0,0.70078778,2017082
CHARLESTON INTL AP,SC,32.8986,-80.0403,12.2,20170917,69.08,87.98,77.72,8.500372,20.0,23.935258,0.0,0.0,0.0,2017091
COLUMBIA,SC,33.9486,-81.1186,70.4,20170204,30.2,48.92,42.98,6.263432,20.0,21.922012,0.0,0.0,0.0,2017020
COLUMBIA,SC,33.9486,-81.1186,70.4,20170313,31.1,44.06,38.3,6.263432,20.0,19.01399,0.0,0.0,0.57086645,2017031
COLUMBIA,SC,33.9486,-81.1186,70.4,20170319,39.02,64.04,57.38,6.039738,20.0,23.935258,0.0,0.0,0.0,2017031
COLUMBIA,SC,33.9486,-81.1186,70.4,20170322,53.06,73.04,66.74,7.82929,20.0,23.935258,0.0,0.0,0.01181103,2017032
COLUMBIA,SC,33.9486,-81.1186,70.4,20170602,69.08,91.94,80.6,3.579104,20.0,12.974252,0.0,0.0,0.0,2017060
COLUMBIA,SC,33.9486,-81.1186,70.4,20170606,71.96,86.0,77.18,4.697574,20.0,14.092722,0.0,0.0,0.0,2017060
COLUMBIA,SC,33.9486,-81.1186,70.4,20170626,69.08,89.06,80.78,4.921268,20.0,19.908766,0.0,0.0,0.0,2017062
COLUMBIA,SC,33.9486,-81.1186,70.4,20170731,62.06,89.06,77.18,4.921268,20.0,19.908766,0.0,0.0,0.0,2017073
COLUMBIA,SC,33.9486,-81.1186,70.4,20170828,68.0,87.08,77.36,13.197946,20.0,31.988242,0.0,0.0,0.0,2017082
GREER,SC,34.8831,-82.2203,286.5,20170215,44.06,60.08,54.5,8.276678,10.0,29.974996,0.0,0.0,0.33858286,2017021
GREER,SC,34.8831,-82.2203,286.5,20170216,31.1,62.06,46.22,5.368656,10.0,19.908766,0.0,0.0,0.0,2017021
GREER,SC,34.8831,-82.2203,286.5,20170310,44.06,71.96,59.18,10.737312,10.0,29.974996,0.0,0.0,0.29921276,2017031
GREER,SC,34.8831,-82.2203,286.5,20170423,48.92,60.98,58.28,12.526864,10.0,27.96175,0.0,0.0,1.83070965,2017042
GREER,SC,34.8831,-82.2203,286.5,20170627,60.98,82.94,73.22,5.144962,10.0,21.027236,0.0,0.0,0.0,2017062
GREER,SC,34.8831,-82.2203,286.5,20170705,69.98,91.94,78.08,5.368656,10.0,25.053728,0.0,0.0,0.01181103,2017070
GREER,SC,34.8831,-82.2203,286.5,20170819,71.06,89.96,80.42,3.579104,10.0,12.974252,0.0,0.0,0.0,2017081
GREER,SC,34.8831,-82.2203,286.5,20170824,71.06,87.08,78.62,6.71082,10.0,19.908766,0.0,0.0,0.0,2017082
GREER,SC,34.8831,-82.2203,286.5,20170906,59.0,69.08,65.48,4.47388,10.0,16.105968,0.0,0.0,1.00000054,2017090
CHARLESTON INTL AP,SC,32.8986,-80.0403,12.2,20170108,22.1,41.0,31.46,10.289924,10.0,23.935258,0.0,0.0,0.0,2017010
CHARLESTON INTL AP,SC,32.8986,-80.0403,12.2,20170213,46.04,69.08,64.94,8.724066,10.0,27.96175,0.0,0.0,0.0,2017021
CHARLESTON INTL AP,SC,32.8986,-80.0403,12.2,20170311,42.98,62.06,55.76,7.82929,10.0,25.053728,0.0,0.0,0.0,2017031
CHARLESTON INTL AP,SC,32.8986,-80.0403,12.2,20170319,44.06,64.04,58.46,12.30317,10.0,31.988242,0.0,0.0,0.0,2017031
CHARLESTON INTL AP,SC,32.8986,-80.0403,12.2,20170915,69.08,89.96,77.54,3.579104,10.0,12.079476,0.0,0.0,0.0,2017091
COLUMBIA,SC,33.9486,-81.1186,70.4,20170305,33.08,68.0,48.74,2.23694,10.0,10.961006,0.0,0.0,0.0,2017030
COLUMBIA,SC,33.9486,-81.1186,70.4,20170312,33.08,51.08,44.78,7.381902,10.0,19.908766,0.0,0.0,0.37007894,2017031
COLUMBIA,SC,33.9486,-81.1186,70.4,20170718,75.02,93.92,80.6,4.697574,10.0,35.119958,0.0,0.0,0.09055123,2017071
COLUMBIA,SC,33.9486,-81.1186,70.4,20170723,73.94,96.98,86.36,8.94776,10.0,29.08022,0.0,0.0,0.7086618,2017072
COLUMBIA,SC,33.9486,-81.1186,70.4,20170916,64.04,91.04,76.46,3.131716,10.0,14.092722,0.0,0.0,0.0,2017091
COLUMBIA,SC,33.9486,-81.1186,70.4,20170917,64.04,91.04,76.82,3.802798,10.0,19.01399,0.0,0.0,0.0,2017091
GREER,SC,34.8831,-82.2203,286.5,20170918,,,74.12,,,,,,,2017091
GREER,SC,34.8831,-82.2203,286.5,20170919,,,71.6,,,,,,,2017091
CHARLESTON INTL AP,SC,32.8986,-80.0403,12.2,20170404,62.96,84.02,70.34,8.724066,,,0.0,0.0,0.0,2017040
CHARLESTON INTL AP,SC,32.8986,-80.0403,12.2,20170918,,,77.0,,,,,,,2017091
CHARLESTON INTL AP,SC,32.8986,-80.0403,12.2,20170919,,,73.04,,,,,,,2017091
COLUMBIA,SC,33.9486,-81.1186,70.4,20170104,48.92,64.94,59.0,8.052984,,,0.0,0.0,0.0,2017010
COLUMBIA,SC,33.9486,-81.1186,70.4,20170918,,,76.64,,,,,,,2017091
COLUMBIA,SC,33.9486,-81.1186,70.4,20170919,,,73.94,,,,,,,2017091
